slug,type,title,prix_xpf,photos_png,description,materiaux,ref,is_active	
cathedral-cove,Charmes,Cathedral Cove,5435,https://cdn.shopify.com/s/files/1/0049/4138/1667/products/Evolve-GK72-Cathedral-Cove-charm-jewellery-in-new-zealand.png,"Accessible uniquement Ã  pied ou par voie navigable, la cÃ©lÃ¨bre Cathedral Cove est un incontournable de la Nouvelle-ZÃ©lande. Notre charme bleu irisÃ© cÃ©lÃ¨bre cette magnifique plage, cÃ©lÃ¨bre pour son arcade rocheuse emblÃ©matique et son eau bleue Ã©tincelante pittoresque.",Finement fabriquÃ© Ã  partir de verre de Murano italien de renommÃ©e mondiale avec un noyau en argent massif.,BIJOUX00116,TRUE	
mt-maunganui,Charmes,Mt Maunganui,5130,https://cdn.shopify.com/s/files/1/0049/4138/1667/products/Evolve-GK73-Mount-Manganui-charm-jewellery-in-new-zealand.png,"Connu par les locaux sous le nom de Â« Le Mont Â», le Mont Maunganui (Mauao) est reconnu comme lâ€™une des plus belles plages de Nouvelle-ZÃ©lande. Les taches argentÃ©es scintillantes capturÃ©es dans ce charm reprÃ©sentent les eaux scintillantes qui s'Ã©tendent Ã  perte de vue, tandis que la teinte verte symbolise Mauao qui surplombe cette belle rÃ©gion.",Finement fabriquÃ© Ã  partir de verre de Murano italien de renommÃ©e mondiale avec un noyau en argent massif.,BIJOUX00117,TRUE	
tekapo-night-sky,Charmes,Tekapo Night Sky,5435,https://cdn.shopify.com/s/files/1/0049/4138/1667/products/Evolve-E69-Tekapo-Night-Sky-charm-jewellery-in-new-zealand.png,Le lac Tekapo est rÃ©putÃ© pour ses nuits Ã©toilÃ©es cristallines. Ce charme magique reflÃ¨te des Ã©toiles colorÃ©es qui scintillent et scintillent dans la nuit paisible. Ã‰vadez-vous dans l'harmonie et l'Ã©merveillement du ciel nocturne de Tekapo.,Finement fabriquÃ© Ã  partir de verre de Murano italien de renommÃ©e mondiale avec un noyau en argent massif.,BIJOUX00118,TRUE	
central-otago,Charmes,Central Otago,5435,https://cdn.shopify.com/s/files/1/0049/4138/1667/products/Evolve-E19-Central-Otago-charm-jewellery-in-new-zealand.png,"De vastes espaces ouverts, des paysages fouettÃ©s par le vent et des vues spectaculaires sans arbres caractÃ©risent l'ampleur et la grandeur de Central Otago. EncadrÃ©s par un ciel dâ€™Ã©tÃ© bleu royal, les champs dâ€™or historiques se nichent parmi les touffes dorÃ©es des prairies de la rÃ©gion. La feuille d'or proÃ©minente parsemÃ©e au milieu du bleu illustre ce qu'est cette partie spectaculaire de la Nouvelle-ZÃ©lande.",Finement fabriquÃ© Ã  partir de verre de Murano italien de renommÃ©e mondiale avec un noyau en argent massif.,BIJOUX00119,TRUE	
dunedin,Charmes,Dunedin,5270,https://cdn.shopify.com/s/files/1/0049/4138/1667/products/Evolve-GK76-Dunedin-charm-jewellery-in-new-zealand.png,"Affectueusement surnommÃ©e Â« l'Ã‰dimbourg du sud Â», la ville historique de Dunedin s'Ã©tend autour d'un long et magnifique port de la pÃ©ninsule d'Otago. Notre charme Ã©tincelant cÃ©lÃ¨bre l'esprit de cette ville animÃ©e du sud, rÃ©putÃ©e pour son style de vie Ã©tudiant dynamique, sa majestueuse architecture victorienne et Ã©douardienne et ses colonies fauniques de classe mondiale.",Finement fabriquÃ© Ã  partir de verre de Murano italien de renommÃ©e mondiale avec un noyau en argent massif.,BIJOUX00120,TRUE	
hibiscus-passion,Charmes,Hibiscus (Passion),5375,https://cdn.shopify.com/s/files/1/0049/4138/1667/files/LKE117EvolveHibiscusCharm520px.png,"InspirÃ© par la fleur d'hibiscus vibrante, ce charm prÃ©sente un Ã©mail rouge vif qui capture sa beautÃ© et sa prÃ©sence saisissantes. Connu comme symbole de confiance et de fÃ©minitÃ©, lâ€™hibiscus reprÃ©sente la passion, la force et le fait dâ€™embrasser la vie avec courage et confiance en soi. Soigneusement fabriquÃ© en argent sterling massif, ce charm est un moyen significatif de cÃ©lÃ©brer l'individualitÃ© et d'avancer en toute confiance.",Finement fabriquÃ© en argent massif avec Ã©mail rouge.,BIJOUX00122,TRUE	
majestic-tui-confidence,Charmes,Majestic Tui (Confidence),5165,https://cdn.shopify.com/s/files/1/0049/4138/1667/products/Evolve-LK234-Majestic-Tui-Confidence-charm-jewellery-in-new-zealand.png,"Le Majestic Tui perchÃ© sur un arbre Kowhai est devenu un symbole emblÃ©matique des Ã©tÃ©s nÃ©o-zÃ©landais. Leur cri magnifique et unique peut Ãªtre entendu au plus profond des forÃªts indigÃ¨nes et dans nos arriÃ¨re-cours. AdmirÃ©s pour leur capacitÃ© et leur confiance, les Tui nous rappellent de Â« chanter comme si personne ne pouvait vous entendre Â», d'avoir confiance en vous et de partager vos talents avec le monde.",Finement travaillÃ© en argent massif.,BIJOUX00123,TRUE	
pacific-stars-safe-travel,Charmes,Pacific Stars (Safe Travel),5585,https://cdn.shopify.com/s/files/1/0049/4138/1667/products/Evolve-LK246SP-Pacific-Stars-Safe-Travel-charm-jewellery-in-new-zealand.png,"Symbolisant un voyage en toute sÃ©curitÃ©, lâ€™hameÃ§on exquis de Maui brille de mille feux et promet une protection Ã  celui qui le porte lorsquâ€™il explore le monde. Les pierres noires scintillantes reprÃ©sentent le ciel Ã©toilÃ© nous guidant sur notre futur chemin.",Finement travaillÃ© en argent massif avec spinelle noire.,BIJOUX00124,TRUE	
coastal-starfish-love,Charmes,Coastal Starfish (Love),5610,https://cdn.shopify.com/s/files/1/0049/4138/1667/products/Evovle-LK252CZ-Coastal-Starfish-Love-jewellery-in-new-zealand.png,"Ce magnifique design dâ€™Ã©toile de mer nous rappelle le temps passÃ© avec nos proches Ã  profiter des belles plages dâ€™Aotearoa. L'Ã©toile de mer symbolise la magie du vÃ©ritable amour, cÃ©lÃ©brant la profonde affection et le dÃ©vouement que nous inspirent ceux que nous aimons. Offrir ou porter ce charm cÃ©lÃ¨bre un lien vraiment spÃ©cial entre deux personnes.",Finement fabriquÃ© en argent massif avec zircone cubique.,BIJOUX00125,TRUE	
ocean-spirit-together,Charmes,Ocean Spirit (Together),5890,https://cdn.shopify.com/s/files/1/0049/4138/1667/products/Evovle-LK249CZ-Ocean-Spirit-Together-jewellery-in-new-zealand.png,"Notre charm Ocean Spirit cÃ©lÃ¨bre le lien spÃ©cial que vous partagez avec votre famille et vos amis qui vivent loin. Les korus exquis capturent le lien incassable que vous partagez avec ceux qui vous tiennent le plus Ã  cÅ“ur, tandis que les magnifiques zircones cubiques bleues reprÃ©sentent les ocÃ©ans et la distance qui vous sÃ©pare. MÃªme sÃ©parÃ©s, ce magnifique charm est un moyen de garder vos proches proches.",Finement fabriquÃ© en argent massif avec zircone cubique.,BIJOUX00126,TRUE	
january-pendant-charm-garnet,Charmes,January Pendant Charm (Garnet),3865,https://cdn.shopify.com/s/files/1/0049/4138/1667/files/LKD527JanuaryPendantCharm_Garnet_520x520PNG.png,"Le grenat est la pierre de naissance des personnes nÃ©es en janvier, symbolisant la protection. DotÃ© d'une vÃ©ritable pierre prÃ©cieuse de grenat semi-prÃ©cieuse, ce magnifique mini pendentif en argent sterling est le complÃ©ment parfait Ã  tout bracelet Ã  breloques Evolve. Les grenats ont une teinte rouge riche et profonde qui apparaÃ®t plus foncÃ©e (presque noire) dans des conditions de faible luminositÃ© et rÃ©vÃ¨le sa couleur vibrante lorsque la lumiÃ¨re traverse la pierre. Un cadeau attentionnÃ© pour vous-mÃªme ou un Ãªtre cher. Huggies et collier assortis de janvier disponibles. Ce charm pendentif est Ã©galement disponible en vermeil dorÃ©.",Finement fabriquÃ© en argent massif avec une vÃ©ritable pierre prÃ©cieuse grenat. A un dos ouvert pour laisser passer la lumiÃ¨re Ã  travers la pierre prÃ©cieuse. Dimensions : Le pendentif tombe Ã  environ 12 mm de la pointe de la bÃ©liÃ¨re.,BIJOUX00127,TRUE	
february-pendant-charm-amethyst,Charmes,February Pendant Charm (Amethyst),3990,https://cdn.shopify.com/s/files/1/0049/4138/1667/files/LKD528FebruaryPendantCharm_Amethyst_520x520PNG.png,"L'amÃ©thyste est la pierre de naissance des personnes nÃ©es en fÃ©vrier, symbolisant la sagesse. DotÃ© d'une vÃ©ritable amÃ©thyste semi-prÃ©cieuse, ce magnifique mini pendentif en argent sterling est le complÃ©ment parfait Ã  tout bracelet Ã  breloques Evolve. Un cadeau attentionnÃ© pour vous-mÃªme ou un Ãªtre cher. Huggies et collier assortis de fÃ©vrier disponibles. Ce charm est Ã©galement disponible en vermeil dorÃ©.",Finement fabriquÃ© en argent massif avec une vÃ©ritable amÃ©thyste. A un dos ouvert pour laisser passer la lumiÃ¨re Ã  travers la pierre prÃ©cieuse. Dimensions : Le pendentif tombe Ã  environ 12 mm de la pointe de la bÃ©liÃ¨re.,BIJOUX00128,TRUE	
march-pendant-charm-aquamarine,Charmes,March Pendant Charm (Aquamarine),4465,https://cdn.shopify.com/s/files/1/0049/4138/1667/files/LKD529MarchPendantCharm_Aquamarine_520x520PNG.png,"L'aigue-marine est la pierre de naissance des personnes nÃ©es en mars, symbolisant la sÃ©rÃ©nitÃ©. DotÃ© d'une vÃ©ritable aigue-marine semi-prÃ©cieuse, ce magnifique mini pendentif en argent sterling est le complÃ©ment parfait Ã  tout bracelet Ã  breloques Evolve. Un cadeau attentionnÃ© pour vous-mÃªme ou un Ãªtre cher. Huggies et collier de mars assortis disponibles. Ce charm est Ã©galement disponible en vermeil dorÃ©.",Finement fabriquÃ© en argent massif avec une vÃ©ritable pierre prÃ©cieuse aigue-marine. A un dos ouvert pour laisser passer la lumiÃ¨re Ã  travers la pierre prÃ©cieuse. Dimensions : Le pendentif tombe Ã  environ 12 mm de la pointe de la bÃ©liÃ¨re.,BIJOUX00129,TRUE	
april-pendant-charm-white-topaz,Charmes,April Pendant Charm (White Topaz),3625,https://cdn.shopify.com/s/files/1/0049/4138/1667/files/LKD530AprilPendantCharm_WhiteTopaz_520x520PNG.png,"La topaze blanche est la pierre de naissance des personnes nÃ©es en avril, symbolisant la force. DotÃ© d'une vÃ©ritable topaze blanche semi-prÃ©cieuse, ce magnifique mini pendentif en argent sterling est le complÃ©ment parfait Ã  tout bracelet Ã  breloques Evolve. Un cadeau attentionnÃ© pour vous-mÃªme ou un Ãªtre cher. Huggies et collier d'avril assortis disponibles. Ce charm pendentif est Ã©galement disponible en vermeil dorÃ©.",Finement fabriquÃ© en argent massif avec une vÃ©ritable topaze blanche. A un dos ouvert pour laisser passer la lumiÃ¨re Ã  travers la pierre prÃ©cieuse. Dimensions : Le pendentif tombe Ã  environ 12 mm de la pointe de la bÃ©liÃ¨re.,BIJOUX00130,TRUE	
may-pendant-charm-green-onyx,Charmes,May Pendant Charm (Green Onyx),3625,https://cdn.shopify.com/s/files/1/0049/4138/1667/files/LKD531MayPendantCharm_GreenOnyx_520x520PNG.png,"L'onyx vert est la pierre de naissance des personnes nÃ©es en mai, symbolisant la croissance. DotÃ© d'une vÃ©ritable pierre prÃ©cieuse d'onyx vert semi-prÃ©cieuse, ce magnifique mini pendentif en argent sterling est le complÃ©ment parfait Ã  tout bracelet Ã  breloques Evolve. Un cadeau attentionnÃ© pour vous-mÃªme ou un Ãªtre cher. Huggies et collier assortis de mai disponibles. Ce charm pendentif est Ã©galement disponible en vermeil dorÃ©.",Finement fabriquÃ© en argent massif avec une vÃ©ritable pierre prÃ©cieuse d'onyx vert. A un dos ouvert pour laisser passer la lumiÃ¨re Ã  travers la pierre prÃ©cieuse. Dimensions : Le pendentif tombe Ã  environ 12 mm de la pointe de la bÃ©liÃ¨re.,BIJOUX00131,TRUE	
june-pendant-charm-pearl,Charmes,June Pendant Charm (Pearl),3865,https://cdn.shopify.com/s/files/1/0049/4138/1667/files/LKD532JunePendantCharm_Pearl_520x520PNG.png,"La perle est la pierre de naissance des personnes nÃ©es en juin, symbolisant la paix. DotÃ© d'une vÃ©ritable perle d'eau douce, ce magnifique mini pendentif en argent sterling est le complÃ©ment parfait Ã  tout bracelet Ã  breloques Evolve. Un cadeau attentionnÃ© pour vous-mÃªme ou un Ãªtre cher. Huggies et collier assortis de juin disponibles. Ce charm est Ã©galement disponible en vermeil dorÃ©.",Finement fabriquÃ© en argent massif avec une vÃ©ritable perle d'eau douce. Le pendentif a un dos en argent massif. Dimensions : Le pendentif tombe Ã  environ 12 mm de la pointe de la bÃ©liÃ¨re.,BIJOUX00132,TRUE	
july-pendant-charm-rhodolite,Charmes,July Pendant Charm (Rhodolite),3980,https://cdn.shopify.com/s/files/1/0049/4138/1667/files/LKD533JulyPendantCharm_Rhodolite_520x520PNG.png,"La rhodolite est la pierre de naissance des personnes nÃ©es en juillet, symbolisant la vitalitÃ©. DotÃ© d'une vÃ©ritable pierre prÃ©cieuse de rhodolite semi-prÃ©cieuse, ce magnifique mini pendentif en argent sterling est le complÃ©ment parfait Ã  tout bracelet Ã  breloques Evolve. Un cadeau attentionnÃ© pour vous-mÃªme ou un Ãªtre cher. Huggies et collier de juillet assortis disponibles. Ce charm est Ã©galement disponible en vermeil dorÃ©.",Finement fabriquÃ© en argent massif avec une vÃ©ritable pierre prÃ©cieuse rhodolite. A un dos ouvert pour laisser passer la lumiÃ¨re Ã  travers la pierre prÃ©cieuse. Dimensions : Le pendentif tombe Ã  environ 12 mm de la pointe de la bÃ©liÃ¨re.,BIJOUX00133,TRUE	
august-pendant-charm-peridot,Charmes,August Pendant Charm (Peridot),3961,https://cdn.shopify.com/s/files/1/0049/4138/1667/files/LKD534AugustPendantCharm_Peridot_520x520PNG.png,"Le pÃ©ridot est la pierre de naissance des personnes nÃ©es en aoÃ»t, symbolisant la vitalitÃ©. DotÃ© d'une vÃ©ritable pierre prÃ©cieuse pÃ©ridot semi-prÃ©cieuse, ce magnifique mini pendentif en argent sterling est le complÃ©ment parfait Ã  tout bracelet Ã  breloques Evolve. Un cadeau attentionnÃ© pour vous-mÃªme ou un Ãªtre cher. Huggies et collier dâ€™aoÃ»t assortis disponibles. Ce charm est Ã©galement disponible en vermeil dorÃ©.",Finement fabriquÃ© en argent massif avec une vÃ©ritable pierre prÃ©cieuse pÃ©ridot. A un dos ouvert pour laisser passer la lumiÃ¨re Ã  travers la pierre prÃ©cieuse. Dimensions : Le pendentif tombe Ã  environ 12 mm de la pointe de la bÃ©liÃ¨re.,BIJOUX00134,TRUE	
september-pendant-charm-iolite,Charmes,September Pendant Charm (Iolite),4020,https://cdn.shopify.com/s/files/1/0049/4138/1667/files/LKD535SeptemberPendantcharm_Iolite_520x520PNG.png,"L'iolite est la pierre de naissance des personnes nÃ©es en septembre, symbolisant la bonne fortune. DotÃ© d'une vÃ©ritable pierre prÃ©cieuse iolite semi-prÃ©cieuse, ce magnifique mini pendentif en argent sterling est le complÃ©ment parfait Ã  tout bracelet Ã  breloques Evolve. Un cadeau attentionnÃ© pour vous-mÃªme ou un Ãªtre cher. Huggies et collier assortis de septembre disponibles. Ce charm est Ã©galement disponible en vermeil dorÃ©.",Finement fabriquÃ© en argent massif avec une vÃ©ritable pierre prÃ©cieuse iolite. A un dos ouvert pour laisser passer la lumiÃ¨re Ã  travers la pierre prÃ©cieuse. Dimensions : Le pendentif tombe Ã  environ 12 mm de la pointe de la bÃ©liÃ¨re.,BIJOUX00135,TRUE	
october-pendant-charm-opal,Charmes,October Pendant Charm (Opal),4031,https://cdn.shopify.com/s/files/1/0049/4138/1667/files/LKD536OctoberPendantCharm_Opal_520x520PNG.png,"L'opale est la pierre de naissance des personnes nÃ©es en octobre, symbolisant l'Ã©quilibre. DotÃ© d'une vÃ©ritable opale semi-prÃ©cieuse, ce magnifique mini pendentif en argent sterling est le complÃ©ment parfait Ã  tout bracelet Ã  breloques Evolve. Un cadeau attentionnÃ© pour vous-mÃªme ou un Ãªtre cher. Huggies et collier assortis dâ€™octobre disponibles. Ce charm est Ã©galement disponible en vermeil dorÃ©.",Finement fabriquÃ© en argent massif avec une vÃ©ritable opale. Dimensions : Le pendentif tombe Ã  environ 12 mm de la pointe de la bÃ©liÃ¨re.,BIJOUX00136,TRUE	
november-pendant-charm-citrine,Charmes,November Pendant Charm (Citrine),3980,https://cdn.shopify.com/s/files/1/0049/4138/1667/files/LKD537NovemberPendantCharm_Citrine_520x520PNG.png,"La citrine est la pierre de naissance des personnes nÃ©es en novembre, symbolisant la joie. DotÃ© d'une vÃ©ritable citrine semi-prÃ©cieuse, ce magnifique mini pendentif en argent sterling est le complÃ©ment parfait Ã  tout bracelet Ã  breloques Evolve. Un cadeau attentionnÃ© pour vous-mÃªme ou un Ãªtre cher. Huggies et collier assortis de novembre disponibles. Ce charm est Ã©galement disponible en vermeil dorÃ©.",Finement fabriquÃ© en argent massif avec une vÃ©ritable citrine. A un dos ouvert pour laisser passer la lumiÃ¨re Ã  travers la pierre prÃ©cieuse. Dimensions : Le pendentif tombe Ã  environ 12 mm de la pointe de la bÃ©liÃ¨re.,BIJOUX00137,TRUE	
december-pendant-charm-blue-topaz,Charmes,December Pendant Charm (Blue Topaz),4070,https://cdn.shopify.com/s/files/1/0049/4138/1667/files/LKD538DecemberPendantCharm_BlueTopaz_520x520PNG.png,"La Topaze Bleue est la pierre de naissance des personnes nÃ©es en dÃ©cembre, symbolisant l'amitiÃ©. DotÃ© d'une vÃ©ritable topaze bleue semi-prÃ©cieuse, ce magnifique mini pendentif en argent sterling est le complÃ©ment parfait Ã  tout bracelet Ã  breloques Evolve. Un cadeau attentionnÃ© pour vous-mÃªme ou un Ãªtre cher. Huggies et collier assortis de dÃ©cembre disponibles. Ce charm est Ã©galement disponible en vermeil dorÃ©.",Finement fabriquÃ© en argent massif avec une vÃ©ritable topaze bleue. A un dos ouvert pour laisser passer la lumiÃ¨re Ã  travers la pierre prÃ©cieuse. Dimensions : Le pendentif tombe Ã  environ 12 mm de la pointe de la bÃ©liÃ¨re.,BIJOUX00138,TRUE	
koru-heart-clip,Charmes,Koru Heart Clip,4960,https://cdn.shopify.com/s/files/1/0049/4138/1667/products/Evolve-LKC032-Koru-Heart-Clip-charm-jewellery-in-new-zealand.png,"Notre pince cÅ“ur koru, gravÃ©e d'un motif nÃ©o-zÃ©landais contemporain, reprÃ©sente l'amour prÃ©cieux. Le motif koru cÃ©lÃ¨bre notre hÃ©ritage culturel et nos liens familiaux forts. Aroha (amour) est inscrit au dos du charm pour vous connecter aux personnes que vous chÃ©rissez le plus.","Finement fabriquÃ© en argent massif avec Ã©mail. Les clips sont conÃ§us pour bouger librement avec vos charms, ils peuvent Ãªtre placÃ©s n'importe oÃ¹ sur votre bracelet. PlacÃ©es au bout de votre bracelet, aprÃ¨s votre derniÃ¨re breloque, elles empÃªcheront vos breloques de glisser lorsque vous ouvrirez le fermoir.",BIJOUX00139,TRUE	
mÄnuka-vitality,Charmes,MÄnuka (Vitality),4860,https://cdn.shopify.com/s/files/1/0049/4138/1667/products/Evolve-LKD052-Manuka-Vitality-charm-jewellery-in-new-zealand.png,On dit que MÄnuka est l'une des plantes les plus importantes d'Aotearoa. Il protÃ¨ge les autres espÃ¨ces vÃ©gÃ©tales des conditions difficiles tout en fournissant des fleurs qui sont utilisÃ©es pour crÃ©er du miel de mÄnuka sucrÃ©. Notre charme enchanteur MÄnuka offre bonne santÃ© et vitalitÃ© Ã  ceux qui dÃ©couvrent les pouvoirs spÃ©ciaux du mÄnuka.,Finement fabriquÃ© en argent massif avec Ã©mail et zircone cubique violette.,BIJOUX00140,TRUE	
white-daisy-pendant-charm-cherished,Charmes,White Daisy Pendant Charm (Cherished),5355,https://cdn.shopify.com/s/files/1/0049/4138/1667/files/LKD068WhiteDaisy_4119d808-9b3a-4d64-9598-338939d2ea84.png,"Incarnant l'essence pure de ces fleurs dÃ©licates, notre pendentif White Daisy incarne l'Ã©lÃ©gance intemporelle, symbolisant la puretÃ© et l'innocence trouvÃ©es dans les fleurs les plus chÃ©ries de la nature. Magnifiquement fabriquÃ© Ã  la main en argent sterling, avec de l'Ã©mail blanc et des zircones cubiques jaunes, notre motif complexe de marguerite blanche est le cadeau parfait 	 un hommage sincÃ¨re Ã  ceux qui apportent de la joie dans nos vies chaque jour.",Finement fabriquÃ© en argent massif avec Ã©mail blanc et zircons cubiques jaunes.,BIJOUX00141,TRUE
fantail-coin-pendant-charm-friendly---gold,Charmes,Fantail Coin Pendant Charm (Friendly) - Gold,8145,https://cdn.shopify.com/s/files/1/0049/4138/1667/files/LKD554FantailCoinPendantCharm520x520PNG.png,"Notre pendentif Fantail Coin reprÃ©sente l'un des oiseaux les plus apprÃ©ciÃ©s d'Aotearoa, le Fantail. Reconnu pour sa queue unique en forme d'Ã©ventail et sa nature curieuse, le sympathique Fantail est considÃ©rÃ© comme un vÃ©ritable trÃ©sor de la Nouvelle-ZÃ©lande. FabriquÃ©e Ã  la main Ã  partir de vermeil dorÃ©, cette breloque en forme de piÃ¨ce ajoute une touche significative et Ã©lÃ©gante Ã  votre bracelet Ã  breloques Evolve, vous permettant d'emporter avec vous un morceau du patrimoine unique de la Nouvelle-ZÃ©lande partout oÃ¹ vous allez. Collier et boucles d'oreilles assortis disponibles.",Finement fabriquÃ© Ã  la main Ã  partir de vermeil dorÃ©. Dimensions : Le pendentif tombe Ã  environ 25 mm de la pointe de la bÃ©liÃ¨re.,BIJOUX00143,TRUE	
sunrise-pendant-charm-new-beginnings,Charmes,Sunrise Pendant Charm (New Beginnings),7610,https://cdn.shopify.com/s/files/1/0049/4138/1667/files/LKD069SunrisePendantCharm520x520PNG_db996a90-4e0f-41d1-8147-a50f4d85c2a0.png,"Notre pendentif Sunrise capture la promesse d'un nouveau jour et les possibilitÃ©s infinies qu'il offre. En tant que premier endroit au monde Ã  profiter du soleil, la Nouvelle-ZÃ©lande symbolise les nouveaux dÃ©parts, les nouvelles aventures et les histoires inÃ©dites qui attendent de se dÃ©voiler. Finement fabriquÃ© Ã  la main Ã  partir dâ€™argent sterling, de vermeil dorÃ© et de vÃ©ritable topaze blanche, ce charm est un hommage radieux aux nouveaux dÃ©parts et Ã  la lumiÃ¨re qui nous guide vers lâ€™avant. Collier assorti disponible.","Finement fabriquÃ© Ã  partir d'argent sterling massif et de vermeil dorÃ©, avec une vÃ©ritable topaze blanche. Dimensions : Le pendentif tombe Ã  environ 25 mm de la pointe de la bÃ©liÃ¨re.",BIJOUX00144,TRUE	
fantail-coin-pendant-charm-friendly,Charmes,Fantail Coin Pendant Charm (Friendly),5540,https://cdn.shopify.com/s/files/1/0049/4138/1667/files/LKD552FantailCoinPendantCharm520x520PNG.png,"Notre pendentif Fantail Coin reprÃ©sente l'un des oiseaux les plus apprÃ©ciÃ©s d'Aotearoa, le Fantail. Reconnu pour sa queue unique en forme d'Ã©ventail et sa nature curieuse, le sympathique Fantail est considÃ©rÃ© comme un vÃ©ritable trÃ©sor de la Nouvelle-ZÃ©lande. FabriquÃ©e Ã  la main Ã  partir d'argent sterling massif, cette breloque en forme de piÃ¨ce ajoute une touche significative et Ã©lÃ©gante Ã  votre bracelet Ã  breloques Evolve, vous permettant d'emporter avec vous un morceau du patrimoine unique de la Nouvelle-ZÃ©lande partout oÃ¹ vous allez. Collier et boucles d'oreilles assortis disponibles.",Finement fabriquÃ© Ã  la main en argent sterling massif. Dimensions : Le pendentif tombe Ã  environ 25 mm de la pointe de la bÃ©liÃ¨re.,BIJOUX00145,TRUE	
ocean-wave-coin-pendant-charm-confident---gold,Charmes,Ocean Wave Coin Pendant Charm (Confident) - Gold,7645,https://cdn.shopify.com/s/files/1/0049/4138/1667/files/LKD086OceanWaveCoinPendantCharm-Gold520x520PNG_7834ab43-3c5d-4ca1-82c5-26496aa567fd.png,"Toujours en mouvement et profondÃ©ment puissant, l'ocÃ©an symbolise le flux naturel de la vie. Ce charm pendentif piÃ¨ce en vermeil dorÃ© magnifiquement dÃ©taillÃ© capture l'essence de la libertÃ©, de la rÃ©silience Ã©motionnelle et du mouvement vers l'avant. Laissez-le vous inspirer pour surfer sur les vagues de la vie en toute confiance, sachant que mÃªme les courants les plus forts nous faÃ§onnent pour devenir ce que nous sommes censÃ©s Ãªtre.",Finement confectionnÃ© en vermeil dorÃ©. Dimensions : Le pendentif tombe Ã  environ 25 mm de la pointe de la bÃ©liÃ¨re.,BIJOUX00146,TRUE	
southern-cross-pendant-charm-guidance,Charmes,Southern Cross Pendant Charm (Guidance),5625,https://cdn.shopify.com/s/files/1/0049/4138/1667/files/LKD070SouthernCrossPendantCharm520x520PNG_345a915e-be14-4631-86c5-f60cd6754374.png,"Notre pendentif Charm Croix du Sud est un hommage Ã  la constellation emblÃ©matique qui guide les explorateurs, les aventuriers et les rÃªveurs depuis des gÃ©nÃ©rations. Brillant de mille feux dans lâ€™hÃ©misphÃ¨re sud, il reprÃ©sente lâ€™orientation, la connexion et la poursuite des rÃªves. Finement fabriquÃ© Ã  la main Ã  partir dâ€™argent sterling massif et dâ€™Ã©toiles de topaze blanche Ã©tincelantes, ce charm honore votre passÃ© et inspire votre avenir. Collier assorti disponible. Charm Ã©galement disponible en vermeil dorÃ©.","Finement fabriquÃ© en argent sterling massif, avec une vÃ©ritable topaze blanche. Dimensions : Le pendentif tombe Ã  environ 25 mm de la pointe de la bÃ©liÃ¨re.",BIJOUX00147,TRUE	
ocean-wave-coin-pendant-charm-confident,Charmes,Ocean Wave Coin Pendant Charm (Confident),5695,https://cdn.shopify.com/s/files/1/0049/4138/1667/files/LKD085OceanWaveCoinPendantCharm520x520PNG.png,"Toujours en mouvement et profondÃ©ment puissant, l'ocÃ©an symbolise le flux naturel de la vie. Ce charm pendentif piÃ¨ce en argent magnifiquement dÃ©taillÃ© capture l'essence de la libertÃ©, de la rÃ©silience Ã©motionnelle et du mouvement vers l'avant. Laissez-le vous inspirer pour surfer sur les vagues de la vie en toute confiance, sachant que mÃªme les courants les plus forts nous faÃ§onnent pour devenir ce que nous sommes censÃ©s Ãªtre.","Finement fabriquÃ© Ã  la main en argent sterling massif, avec des pierres de zircone cubiques. Dimensions : Le pendentif tombe Ã  environ 25 mm de la pointe de la bÃ©liÃ¨re.",BIJOUX00148,TRUE	
january-birthstone-protection,Charmes,January Birthstone (Protection),4970,https://cdn.shopify.com/s/files/1/0049/4138/1667/products/Evovle-LK262CZ-January-Protection-jewellery-in-new-zealand.png,"Les personnes nÃ©es en janvier ont la chance dâ€™avoir le magnifique grenat comme pierre de naissance. On pense que cette pierre prÃ©cieuse assure la sÃ©curitÃ© de celui qui la porte pendant son voyage. DotÃ© d'une pierre de zircone cubique de couleur grenat, notre charm de janvier offre un sentiment de force et de protection Ã  ceux qui en ont le plus besoin.",Finement fabriquÃ© en argent massif avec des zircons cubiques de couleur grenat.,BIJOUX00152,TRUE	
february-birthstone-wisdom,Charmes,February Birthstone (Wisdom),4985,https://cdn.shopify.com/s/files/1/0049/4138/1667/products/Evovle-LK263CZ-February-Wisdom-jewellery-in-new-zealand.png,On dit que lâ€™amÃ©thyste apaise lâ€™esprit et calme les Ã©motions. Notre charm de fÃ©vrier est ornÃ© de pierres de zircone cubiques de couleur amÃ©thyste offrant sagesse et clartÃ© tout au long de votre vie. L'amÃ©thyste peut Ã©galement Ãªtre un symbole d'autonomisation personnelle et de force intÃ©rieure.,Finement fabriquÃ© en argent massif avec des zircons cubiques de couleur amÃ©thyste.,BIJOUX00153,TRUE	
march-birthstone-serenity,Charmes,March Birthstone (Serenity),4760,https://cdn.shopify.com/s/files/1/0049/4138/1667/products/Evovle-LK264CZ-March-Serenity-jewellery-in-new-zealand.png,"Inspirant un sentiment de sÃ©rÃ©nitÃ©, de calme et de bonne santÃ©, notre charm March prÃ©sente un ensemble de superbes pierres de zircone cubiques de couleur aigue-marine. On dit que lâ€™aigue-marine protÃ¨ge ceux qui sont en mer, ce qui en fait le charme parfait pour tout marin passionnÃ© ou amoureux de lâ€™ocÃ©an.",Finement fabriquÃ© en argent massif avec des zircons cubiques de couleur aigue-marine.,BIJOUX00154,TRUE	
april-birthstone-strength,Charmes,April Birthstone (Strength),4850,https://cdn.shopify.com/s/files/1/0049/4138/1667/products/Evovle-LK265CZ-April-Strength-jewellery-in-new-zealand.png,"Lâ€™une des pierres prÃ©cieuses les plus recherchÃ©es au monde, le diamant, est rÃ©servÃ©e aux chanceux nÃ©s en avril. ConsidÃ©rÃ©e comme un symbole de clartÃ© et de force, cette pierre prÃ©cieuse rÃ©siste Ã  l'Ã©preuve du temps. Notre zircon cubique de couleur diamant apporte force et amour Ã©ternel Ã  celui qui le porte.",Finement fabriquÃ© en argent massif avec des zircons cubiques de couleur diamant.,BIJOUX00155,TRUE	
may-birthstone-growth,Charmes,May Birthstone (Growth),4835,https://cdn.shopify.com/s/files/1/0049/4138/1667/products/Evovle-LK266CZ-May-Growth-jewellery-in-new-zealand.png,"On dit que lâ€™Ã©meraude, la pierre de naissance du mois de mai, apporte sagesse et croissance Ã  celui qui la porte. Notre charm scintillant de mai prÃ©sente des motifs koru complexes et des pierres de zircone cubiques de couleur Ã©meraude, symboliques de la croissance que nous vivons au fur et Ã  mesure que notre vie se dÃ©roule.",Finement fabriquÃ© en argent massif avec des zircons cubiques de couleur Ã©meraude.,BIJOUX00156,TRUE	
june-birthstone-calmness,Charmes,June Birthstone (Calmness),4725,https://cdn.shopify.com/s/files/1/0049/4138/1667/products/Evovle-LK267CZ-June-Calmness--jewellery-in-new-zealand.png,"Apportant un calme Ã©motionnel tout en soulageant le stress et lâ€™anxiÃ©tÃ©, le quartz fumÃ© est la pierre de naissance du mois de juin. PrÃ©sentant des pierres de zircone cubiques de couleur quartz fumÃ©, cette magnifique pierre de naissance procure un sentiment de stabilitÃ© et de connexion avec tout et avec tous ceux qui nous entourent.",Finement fabriquÃ© en argent massif avec des zircones cubiques de couleur quartz fumÃ©.,BIJOUX00157,TRUE	
july-birthstone-vitality,Charmes,July Birthstone (Vitality),4725,https://cdn.shopify.com/s/files/1/0049/4138/1667/products/Evovle-LK268CZ-July-Vitality--jewellery-in-new-zealand.png,"Le rubis est la pierre de naissance scintillante du mois de juillet, favorisant la vitalitÃ© et la jeunesse. Nos pierres de zircone cubiques de couleur rubis permettent Ã  celui qui les porte de visualiser son potentiel, honorant l'effort et le dÃ©vouement dont il a besoin pour atteindre le sommet.",Finement fabriquÃ© en argent massif avec des zircons cubiques de couleur rubis.,BIJOUX00158,TRUE	
august-birthstone-beauty,Charmes,August Birthstone (Beauty),5200,https://cdn.shopify.com/s/files/1/0049/4138/1667/products/Evovle-LK269CZ-August-Beauty--jewellery-in-new-zealand.png,"ConsidÃ©rÃ©e comme la pierre de beautÃ©, le pÃ©ridot est la pierre de naissance du mois dâ€™aoÃ»t. Notre magnifique charm August est ornÃ© de pierres de zircone cubiques de couleur pÃ©ridot qui favorisent la gentillesse et la compassion, permettant Ã  celui qui le porte de voir la beautÃ© de tout ce qui l'entoure.",Finement fabriquÃ© en argent massif avec des zircons cubiques de couleur pÃ©ridot.,BIJOUX00159,TRUE	
september-birthstone-good-fortune,Charmes,September Birthstone (Good Fortune),4935,https://cdn.shopify.com/s/files/1/0049/4138/1667/products/Evovle-LK270CZ-September-Good-Fortune--jewellery-in-new-zealand.png,Le saphir est la pierre de naissance du mois de septembre et on dit qu'il protÃ¨ge contre les Ã©nergies nÃ©gatives et attire l'abondance et la bonne fortune. Notre superbe charm de septembre est ornÃ© de pierres de zircone cubiques de couleur saphir offrant chance et prospÃ©ritÃ© Ã  celui qui le porte.,Finement fabriquÃ© en argent massif avec des zircons cubiques de couleur saphir.,BIJOUX00160,TRUE	
october-birthstone-balance,Charmes,October Birthstone (Balance),5060,https://cdn.shopify.com/s/files/1/0049/4138/1667/products/Evovle-LK271CZ-October-Balance--jewellery-in-new-zealand.png,"La pierre de naissance du mois d'octobre est la tourmaline et est censÃ©e relÃ¢cher les tensions et protÃ©ger celui qui la porte contre le danger et le malheur. DotÃ© d'une pierre de zircone cubique de couleur tourmaline, notre charm Octobre symbolise votre capacitÃ© Ã  surmonter tous les obstacles de la vie pour atteindre l'Ã©quilibre dans votre vie.",Finement fabriquÃ© en argent massif avec des zircons cubiques de couleur tourmaline.,BIJOUX00161,TRUE	
november-birthstone-joy,Charmes,November Birthstone (Joy),4850,https://cdn.shopify.com/s/files/1/0049/4138/1667/products/Evovle-LK272CZ-November-Joy--jewellery-in-new-zealand.png,"Symbolisant la joie, la bonne santÃ© et l'espoir, notre charm de novembre est ornÃ© de superbes pierres de zircone cubiques de couleur citrine. On dit que la citrine a des effets positifs sur la santÃ© et le bien-Ãªtre de votre corps et de votre esprit.",Finement fabriquÃ© en argent massif avec des zircons cubiques de couleur citrine.,BIJOUX00162,TRUE	
december-birthstone-friendship,Charmes,December Birthstone (Friendship),4880,https://cdn.shopify.com/s/files/1/0049/4138/1667/products/Evovle-LK273CZ-December-Friendship--jewellery-in-new-zealand.png,"La pierre de naissance du mois de dÃ©cembre est la topaze bleue qui symbolise l'amour et l'affection. DotÃ© d'une pierre de zircone cubique de couleur topaze bleue, notre charm de dÃ©cembre rend hommage Ã  ces vrais amis qui nous ont toujours fait preuve de loyautÃ© et d'amour.",Finement fabriquÃ© en argent massif avec des zircons cubiques de couleur topaze bleue.,BIJOUX00163,TRUE	
january-pendant-charm-garnet---gold,Charmes,January Pendant Charm (Garnet) - Gold,3965,https://cdn.shopify.com/s/files/1/0049/4138/1667/files/LKD539JanuaryPendantCharm_Garnet_-GoldVermeil520x520PNG.png,"Le grenat est la pierre de naissance des personnes nÃ©es en janvier, symbolisant la protection. DotÃ© d'une vÃ©ritable pierre prÃ©cieuse de grenat semi-prÃ©cieuse, ce magnifique mini pendentif en vermeil dorÃ© est le complÃ©ment parfait Ã  tout bracelet Ã  breloques Evolve. Les grenats ont une teinte rouge riche et profonde qui apparaÃ®t plus foncÃ©e (presque noire) dans des conditions de faible luminositÃ© et rÃ©vÃ¨le sa couleur vibrante lorsque la lumiÃ¨re traverse la pierre. Un cadeau attentionnÃ© pour vous-mÃªme ou un Ãªtre cher. Huggies de janvier assortis disponibles. Ce pendentif charm est Ã©galement disponible en argent sterling.",Finement fabriquÃ© Ã  partir de vermeil dorÃ© avec une vÃ©ritable pierre prÃ©cieuse grenat. A un dos ouvert pour laisser passer la lumiÃ¨re Ã  travers la pierre prÃ©cieuse. Dimensions : Le pendentif tombe Ã  environ 12 mm de la pointe de la bÃ©liÃ¨re.,BIJOUX00164,TRUE	
february-pendant-charm-amethyst---gold,Charmes,February Pendant Charm (Amethyst) - Gold,4025,https://cdn.shopify.com/s/files/1/0049/4138/1667/files/LKD540FebruaryPendantCharm_Amethyst_520x520PNG.png,"L'amÃ©thyste est la pierre de naissance des personnes nÃ©es en fÃ©vrier, symbolisant la sagesse. DotÃ© d'une vÃ©ritable amÃ©thyste semi-prÃ©cieuse, ce magnifique mini pendentif en vermeil dorÃ© est le complÃ©ment parfait Ã  tout bracelet Ã  breloques Evolve. Un cadeau attentionnÃ© pour vous-mÃªme ou un Ãªtre cher. Huggies de fÃ©vrier assortis disponibles.",Finement fabriquÃ© Ã  partir de vermeil dorÃ© avec une vÃ©ritable amÃ©thyste. A un dos ouvert pour laisser passer la lumiÃ¨re Ã  travers la pierre prÃ©cieuse. Dimensions : Le pendentif tombe Ã  environ 12 mm de la pointe de la bÃ©liÃ¨re.,BIJOUX00165,TRUE	
march-pendant-charm-aquamarine---gold,Charmes,March Pendant Charm (Aquamarine) - Gold,4830,https://cdn.shopify.com/s/files/1/0049/4138/1667/files/LKD541MarchPendantCharm_Aquamarine_-GoldVermeil520x520PNG.png,"L'aigue-marine est la pierre de naissance des personnes nÃ©es en mars, symbolisant la sÃ©rÃ©nitÃ©. DotÃ© d'une vÃ©ritable aigue-marine semi-prÃ©cieuse, ce magnifique mini pendentif en vermeil dorÃ© est le complÃ©ment parfait Ã  tout bracelet Ã  breloques Evolve. Un cadeau attentionnÃ© pour vous-mÃªme ou un Ãªtre cher. Huggies de mars assortis disponibles. Ce pendentif charm est Ã©galement disponible en argent sterling.",Finement fabriquÃ© Ã  partir de vermeil dorÃ© avec une vÃ©ritable pierre prÃ©cieuse aigue-marine. A un dos ouvert pour laisser passer la lumiÃ¨re Ã  travers la pierre prÃ©cieuse. Dimensions : Le pendentif tombe Ã  environ 12 mm de la pointe de la bÃ©liÃ¨re.,BIJOUX00166,TRUE	
april-pendant-charm-white-topaz---gold,Charmes,April Pendant Charm (White Topaz) - Gold,3980,https://cdn.shopify.com/s/files/1/0049/4138/1667/files/LKD542AprilPendantCharm_WhiteTopaz_-GoldVermeil520x520PNG.png,"La topaze blanche est la pierre de naissance des personnes nÃ©es en avril, symbolisant la force. DotÃ© d'une vÃ©ritable topaze blanche semi-prÃ©cieuse, ce magnifique mini pendentif en vermeil dorÃ© est le complÃ©ment parfait Ã  tout bracelet Ã  breloques Evolve. Un cadeau attentionnÃ© pour vous-mÃªme ou un Ãªtre cher. Huggies dâ€™avril assortis disponibles. Ce pendentif charm est Ã©galement disponible en argent sterling.",Finement confectionnÃ© en vermeil dorÃ© avec une vÃ©ritable topaze blanche. A un dos ouvert pour laisser passer la lumiÃ¨re Ã  travers la pierre prÃ©cieuse. Dimensions : Le pendentif tombe Ã  environ 12 mm de la pointe de la bÃ©liÃ¨re.,BIJOUX00167,TRUE	
may-pendant-charm-green-onyx---gold,Charmes,May Pendant Charm (Green Onyx) - Gold,3980,https://cdn.shopify.com/s/files/1/0049/4138/1667/files/LKD543MayPendantCharm_GreenOnyx_-GoldVermeil520x520PNG.png,"L'onyx vert est la pierre de naissance des personnes nÃ©es en mai, symbolisant la croissance. DotÃ© d'une vÃ©ritable pierre prÃ©cieuse d'onyx vert semi-prÃ©cieuse, ce magnifique mini pendentif en vermeil dorÃ© est le complÃ©ment parfait Ã  tout bracelet Ã  breloques Evolve. Un cadeau attentionnÃ© pour vous-mÃªme ou un Ãªtre cher. Huggies de mai assortis disponibles. Ce pendentif charm est Ã©galement disponible en argent sterling.",Finement fabriquÃ© Ã  partir de vermeil dorÃ© avec une vÃ©ritable pierre prÃ©cieuse d'onyx vert. A un dos ouvert pour laisser passer la lumiÃ¨re Ã  travers la pierre prÃ©cieuse. Dimensions : Le pendentif tombe Ã  environ 12 mm de la pointe de la bÃ©liÃ¨re.,BIJOUX00168,TRUE	
june-pendant-charm-pearl---gold,Charmes,June Pendant Charm (Pearl) - Gold,4035,https://cdn.shopify.com/s/files/1/0049/4138/1667/files/LKD544JunePendantCharm_Pearl_-GoldVermeil520x520PNG.png,"La perle est la pierre de naissance des personnes nÃ©es en juin, symbolisant la paix. DotÃ© d'une vÃ©ritable perle d'eau douce, ce magnifique mini pendentif en vermeil dorÃ© est le complÃ©ment parfait Ã  tout bracelet Ã  breloques Evolve. Un cadeau attentionnÃ© pour vous-mÃªme ou un Ãªtre cher. Huggies de juin assortis disponibles. Ce charm est Ã©galement disponible en argent sterling.",Finement confectionnÃ© en vermeil dorÃ© avec une vÃ©ritable perle d'eau douce. Le pendentif a un dos en vermeil dorÃ©. Dimensions : Le pendentif tombe Ã  environ 12 mm de la pointe de la bÃ©liÃ¨re.,BIJOUX00169,TRUE	
july-pendant-charm-rhodolite---gold,Charmes,July Pendant Charm (Rhodolite) - Gold,4235,https://cdn.shopify.com/s/files/1/0049/4138/1667/files/LKD545JulyPendantCharm_Rhodolite_-GoldVermeil520x520PNG.png,"La rhodolite est la pierre de naissance des personnes nÃ©es en juillet, symbolisant la vitalitÃ©. DotÃ© d'une vÃ©ritable pierre prÃ©cieuse de rhodolite semi-prÃ©cieuse, ce magnifique mini pendentif en vermeil dorÃ© est le complÃ©ment parfait Ã  tout bracelet Ã  breloques Evolve. Un cadeau attentionnÃ© pour vous-mÃªme ou un Ãªtre cher. Huggies de juillet assortis disponibles. Ce pendentif charm est Ã©galement disponible en argent sterling.",Finement fabriquÃ© Ã  partir de vermeil dorÃ© avec une vÃ©ritable pierre prÃ©cieuse rhodolite. A un dos ouvert pour laisser passer la lumiÃ¨re Ã  travers la pierre prÃ©cieuse. Dimensions : Le pendentif tombe Ã  environ 12 mm de la pointe de la bÃ©liÃ¨re.,BIJOUX00170,TRUE	
august-pendant-charm-peridot---gold,Charmes,August Pendant Charm (Peridot) - Gold,4160,https://cdn.shopify.com/s/files/1/0049/4138/1667/files/LKD546AugustPendantCharm_Peridot_-GoldVermeil520x520PNG.png,"Le pÃ©ridot est la pierre de naissance des personnes nÃ©es en aoÃ»t, symbolisant la vitalitÃ©. DotÃ© d'une vÃ©ritable pierre prÃ©cieuse pÃ©ridot semi-prÃ©cieuse, ce magnifique mini pendentif en vermeil dorÃ© est le complÃ©ment parfait Ã  tout bracelet Ã  breloques Evolve. Un cadeau attentionnÃ© pour vous-mÃªme ou un Ãªtre cher. Huggies dâ€™aoÃ»t assortis disponibles. Ce charm est Ã©galement disponible en argent sterling.",Finement confectionnÃ© en vermeil dorÃ© avec une vÃ©ritable pierre prÃ©cieuse pÃ©ridot. A un dos ouvert pour laisser passer la lumiÃ¨re Ã  travers la pierre prÃ©cieuse. Dimensions : Le pendentif tombe Ã  environ 12 mm de la pointe de la bÃ©liÃ¨re.,BIJOUX00171,TRUE	
september-pendant-charm-iolite---gold,Charmes,September Pendant Charm (Iolite) - Gold,4335,https://cdn.shopify.com/s/files/1/0049/4138/1667/files/LKD547SeptemberPendantCharm_Iolite_-GoldVermeil520x520PNG.png,"L'iolite est la pierre de naissance des personnes nÃ©es en septembre, symbolisant la bonne fortune. DotÃ© d'une vÃ©ritable pierre prÃ©cieuse iolite semi-prÃ©cieuse, ce magnifique mini pendentif en vermeil dorÃ© est le complÃ©ment parfait Ã  tout bracelet Ã  breloques Evolve. Un cadeau attentionnÃ© pour vous-mÃªme ou un Ãªtre cher. Huggies de septembre assortis disponibles. Ce charm est Ã©galement disponible en argent sterling.",Finement fabriquÃ© Ã  partir de vermeil dorÃ© avec une vÃ©ritable pierre prÃ©cieuse iolite. A un dos ouvert pour laisser passer la lumiÃ¨re Ã  travers la pierre prÃ©cieuse. Dimensions : Le pendentif tombe Ã  environ 12 mm de la pointe de la bÃ©liÃ¨re.,BIJOUX00172,TRUE	
october-pendant-charm-opal---gold,Charmes,October Pendant Charm (Opal) - Gold,4110,https://cdn.shopify.com/s/files/1/0049/4138/1667/files/LKD548OctoberPendantCharm_Opal_-GoldVermeil520x520PNG.png,"L'opale est la pierre de naissance des personnes nÃ©es en octobre, symbolisant l'Ã©quilibre. DotÃ© d'une vÃ©ritable opale semi-prÃ©cieuse, ce magnifique mini pendentif en vermeil dorÃ© est le complÃ©ment parfait Ã  tout bracelet Ã  breloques Evolve. Un cadeau attentionnÃ© pour vous-mÃªme ou un Ãªtre cher. Huggies dâ€™octobre assortis disponibles. Ce charm est Ã©galement disponible en argent sterling.",Finement fabriquÃ© Ã  partir de vermeil dorÃ© avec une vÃ©ritable opale. A un dos ouvert pour laisser passer la lumiÃ¨re Ã  travers la pierre prÃ©cieuse. Dimensions : Le pendentif tombe Ã  environ 12 mm de la pointe de la bÃ©liÃ¨re.,BIJOUX00173,TRUE	
november-pendant-charm-citrine---gold,Charmes,November Pendant Charm (Citrine) - Gold,4055,https://cdn.shopify.com/s/files/1/0049/4138/1667/files/LKD549NovemberPendantCharm_Citrine_-GoldVermeil520x520PNG.png,"La citrine est la pierre de naissance des personnes nÃ©es en novembre, symbolisant la joie. DotÃ© d'une vÃ©ritable citrine semi-prÃ©cieuse, ce magnifique mini pendentif en vermeil dorÃ© est le complÃ©ment parfait Ã  tout bracelet Ã  breloques Evolve. Un cadeau attentionnÃ© pour vous-mÃªme ou un Ãªtre cher. Huggies de novembre assortis disponibles. Ce charm est Ã©galement disponible en argent sterling.",Finement fabriquÃ© Ã  partir de vermeil dorÃ© avec une vÃ©ritable citrine. A un dos ouvert pour laisser passer la lumiÃ¨re Ã  travers la pierre prÃ©cieuse. Dimensions : Le pendentif tombe Ã  environ 12 mm de la pointe de la bÃ©liÃ¨re.,BIJOUX00174,TRUE	
december-pendant-charm-blue-topaz---gold,Charmes,December Pendant Charm (Blue Topaz) - Gold,4425,https://cdn.shopify.com/s/files/1/0049/4138/1667/files/LKD550DecemberPendantCharm_BlueTopaz_-GoldVermeil520x520PNG.png,"La Topaze Bleue est la pierre de naissance des personnes nÃ©es en dÃ©cembre, symbolisant l'amitiÃ©. DotÃ© d'une vÃ©ritable topaze bleue semi-prÃ©cieuse, ce magnifique mini pendentif en vermeil dorÃ© est le complÃ©ment parfait Ã  tout bracelet Ã  breloques Evolve. Un cadeau attentionnÃ© pour vous-mÃªme ou un Ãªtre cher. Huggies de dÃ©cembre assortis disponibles. Ce charm est Ã©galement disponible en argent sterling.",Finement fabriquÃ© Ã  partir de vermeil dorÃ© avec une vÃ©ritable topaze bleue. A un dos ouvert pour laisser passer la lumiÃ¨re Ã  travers la pierre prÃ©cieuse. Dimensions : Le pendentif tombe Ã  environ 12 mm de la pointe de la bÃ©liÃ¨re.,BIJOUX00175,TRUE	
aotearoaâ€™s-ocean,Charmes,Aotearoaâ€™s Ocean,4450,https://cdn.shopify.com/s/files/1/0049/4138/1667/products/Evolve-LKE023-Aotearoa_s-Ocean-Moana-charm-jewellery-in-new-zealand.png,"Ce charme sÃ©duisant est une cÃ©lÃ©bration de notre ocÃ©an, de sa beautÃ© et de la vie qu'il offre. Câ€™est un symbole des grands voyages de nos vies et de lâ€™immensitÃ© inspirante qui nous entoure. Dans la culture maorie, la mer est souvent considÃ©rÃ©e comme la source et le fondement de toute vie.",Finement fabriquÃ© en argent massif avec Ã©mail.,BIJOUX00176,TRUE	
pohutukawa-admired,Charmes,Pohutukawa (Admired),6490,https://cdn.shopify.com/s/files/1/0049/4138/1667/products/Evolve-LKE046-Pohutukawa-Admired-charm-jewellery-in-new-zealand.png,"Ce charm en Ã©mail rouge brillant reprÃ©sente l'un des arbres indigÃ¨nes les plus admirÃ©s de Nouvelle-ZÃ©lande, le magnifique Pohutukawa. Les fleurs Ã©carlates de ce magnifique arbre peuvent Ãªtre aperÃ§ues partout en Nouvelle-ZÃ©lande au dÃ©but de l'Ã©tÃ©. Ces fleurs prÃ©cieuses nous rappellent des Ã©tÃ©s prÃ©cieux et des moments privilÃ©giÃ©s passÃ©s en famille et entre amis en plein air.",Finement fabriquÃ© en argent massif avec Ã©mail.,BIJOUX00177,TRUE	
wild-pohutukawa-celebrate,Charmes,Wild Pohutukawa (Celebrate),5715,https://cdn.shopify.com/s/files/1/0049/4138/1667/products/Evolve-LKE059-Wild-Pohutukawa-Celebrate-charm-jewellery-in-new-zealand.png,"Le pohutukawa est connu comme lâ€™arbre de NoÃ«l de la Nouvelle-ZÃ©lande. Ses fleurs sauvages Ã©carlates dÃ©corent ces arbres majestueux lors des fÃªtes estivales. La fleur rouge Ã©clatante est un symbole emblÃ©matique pour les NÃ©o-ZÃ©landais au pays et Ã  l'Ã©tranger, dÃ©clenchant des souvenirs de NoÃ«l et des cÃ©lÃ©brations estivales, nous rappelant des moments spÃ©ciaux passÃ©s avec les amis et la famille dans les grands espaces nÃ©o-zÃ©landais.",Finement fabriquÃ© en argent massif avec Ã©mail.,BIJOUX00178,TRUE	
toi-toi-strength,Charmes,Toi Toi (Strength),4835,https://cdn.shopify.com/s/files/1/0049/4138/1667/products/Evolve-LKE081-Toi-Toi-Strength-charm-jewellery-in-new-zealand.png,"Les Toi Toi sont synonymes de jardins et de paysages cÃ´tiers nÃ©o-zÃ©landais. Ce charm spÃ©cial prÃ©sente des tiges fleuries dÃ©taillÃ©es en forme de lance ainsi que des pierres de zircone cubiques bleues et vertes, reprÃ©sentatives des paysages cÃ´tiers panoramiques oÃ¹ l'on trouve souvent cette plante. Tout comme la robustesse du toi toi, ce charme apporte de la force Ã  celui qui le porte, oÃ¹ qu'il se trouve.",Finement fabriquÃ© en argent massif avec des zircones cubiques bleues et vertes.,BIJOUX00179,TRUE	
kÅwhai-kindness,Charmes,KÅwhai (Kindness),5625,https://cdn.shopify.com/s/files/1/0049/4138/1667/products/Evolve-LKE071-Kowhai-Kindness-charm-jewellery-in-new-zealand.png,"Les superbes pierres en Ã©mail jaune et en zircone cubique prÃ©sentÃ©es sur notre charm KÅwhai sont reprÃ©sentatives de la fleur non officielle de la Nouvelle-ZÃ©lande. Attirant de ravissants oiseaux et insectes indigÃ¨nes, ce bel arbre indigÃ¨ne avec ses fleurs jaunes apporte une touche de couleur aux jardins nÃ©o-zÃ©landais. La couleur saisissante des fleurs de KÅwhai nous rappelle la nÃ©cessitÃ© de rester positif et de rÃ©pandre la gentillesse envers tous ceux qui nous entourent.",Finement fabriquÃ© en argent massif avec Ã©mail et zircone cubique jaune.,BIJOUX00181,TRUE	
lavender-elegance,Charmes,Lavender (Elegance),5500,https://cdn.shopify.com/s/files/1/0049/4138/1667/products/Evolve-LKE074-Lavender-Elegance-charm-jewellery-in-new-zealand.png,"Le parfum apaisant de la lavande est devenu le feuillage clÃ© des jardins nÃ©o-zÃ©landais. Connue pour son effet anxiolytique, la lavande symbolise Ã©galement lâ€™Ã©lÃ©gance. Les hautes tiges se balanÃ§ant au grÃ© de la brise nous rappellent des parterres de jardin parfaitement entretenus. Les dÃ©licates fleurs en Ã©mail violet et les pierres de zircone Ã©tincelantes reflÃ©tÃ©es dans ce charm reprÃ©sentent l'Ã©lÃ©gance et la beautÃ© intÃ©rieure de celui qui le porte.",Finement fabriquÃ© en argent massif avec Ã©mail et zircone cubique transparente.,BIJOUX00182,TRUE	
pÅhutukawa-beautiful,Charmes,PÅhutukawa (Beautiful),5375,https://cdn.shopify.com/s/files/1/0049/4138/1667/products/Evolve-LKE078-Pohutukawa-Beautiful-charm-jewellery-in-new-zealand.png,"Le magnifique pÅhutukawa et le sympathique fantail sont deux des trÃ©sors nationaux les plus apprÃ©ciÃ©s de Nouvelle-ZÃ©lande. Marquant le dÃ©but de la saison des fÃªtes, les fleurs en Ã©mail rouge saisissantes et les superbes zircones cubiques rouges nous rappellent de toujours chÃ©rir et cÃ©lÃ©brer les moments spÃ©ciaux en famille et entre amis.",Finement fabriquÃ© en argent massif avec Ã©mail et zircone cubique rouge.,BIJOUX00183,TRUE	
mÄnuka-vitality,Charmes,MÄnuka (Vitality),5650,https://cdn.shopify.com/s/files/1/0049/4138/1667/products/Evolve-LKE073-Manuka-Vitality-charm-jewellery-in-new-zealand.png,On dit que MÄnuka est l'une des plantes les plus importantes d'Aotearoa. Il protÃ¨ge les autres espÃ¨ces vÃ©gÃ©tales des conditions difficiles tout en fournissant des fleurs qui sont utilisÃ©es pour crÃ©er du miel de mÄnuka sucrÃ©. Notre charme enchanteur MÄnuka offre bonne santÃ© et vitalitÃ© Ã  ceux qui dÃ©couvrent les pouvoirs spÃ©ciaux du mÄnuka.,Finement fabriquÃ© en argent massif avec Ã©mail et zircone cubique transparente.,BIJOUX00184,TRUE	
blue-butterfly-enchanting,Charmes,Blue Butterfly (Enchanting),5015,https://cdn.shopify.com/s/files/1/0049/4138/1667/files/LKE101BlueButterfly.png,"DÃ©couvrez notre ravissant charm Blue Butterfly, finement fabriquÃ© Ã  la main en argent sterling et en Ã©mail bleu avec des pierres de zircone cubiques bleues et violettes. Ce design dÃ©licat possÃ¨de un symbolisme profond, reprÃ©sentant la beautÃ© qui se dÃ©voile lorsque l'on embrasse sa vÃ©ritable essence et s'embarque dans un voyage de dÃ©couverte de soi et de changement. Le cadeau parfait pour un Ãªtre cher ou pour vous-mÃªme, ce design nous rappelle constamment quâ€™il faut saisir les possibilitÃ©s infinies qui nous attendent dans le futur.",Finement fabriquÃ© en argent massif avec Ã©mail bleu et zircons cubiques bleus et violets.,BIJOUX00185,TRUE	
lily-beauty,Charmes,Lily (Beauty),6075,https://cdn.shopify.com/s/files/1/0049/4138/1667/files/LKE099Lily.png,"Entrez dans un monde de grÃ¢ce et de tranquillitÃ© avec notre dÃ©licate breloque Lily, finement fabriquÃ©e Ã  la main en argent sterling avec de l'Ã©mail rose tendre et des zircons cubiques lavande. Ce charme exquis capture l'essence du lys, symbolisant la puretÃ©, la beautÃ© et l'Ã©quilibre dÃ©licat trouvÃ© dans les moments les plus sereins de la vie. Offrez ce charm Ã  quelqu'un de spÃ©cial, ou portez ce design colorÃ© sur votre propre bracelet Ã  breloques Evolve pour reflÃ©ter votre beautÃ© et votre grÃ¢ce intÃ©rieures.",Finement fabriquÃ© en argent massif avec Ã©mail rose et zircons cubiques lavande.,BIJOUX00186,TRUE	
mt-cook-lily-confidence,Charmes,Mt Cook Lily (Confidence),5360,https://cdn.shopify.com/s/files/1/0049/4138/1667/products/Evolve-LKE076-Mt-Cook-Lily-Confidence-charm-jewellery-in-new-zealand.png,"DotÃ© de pÃ©tales en Ã©mail blanc avec un centre en zircone cubique dorÃ©, notre Mt Cook Lily rayonne de confiance. Ã€ cÃ´tÃ© de la fleur se trouvent une feuille verte et une pierre de zircone cubique bleue qui reprÃ©sentent le panorama frais et net du paysage alpin de la Nouvelle-ZÃ©lande. Ce charme spÃ©cial donne confiance Ã  celui qui le porte, sachant que tout peut grandir si on lui donne l'amour et les soins nÃ©cessaires pour s'Ã©panouir.",Finement fabriquÃ© en argent massif avec Ã©mail et zircons cubiques bleus.,BIJOUX00187,TRUE	
daisy-prosperity,Charmes,Daisy (Prosperity),5165,https://cdn.shopify.com/s/files/1/0049/4138/1667/products/Evolve-LKE072-Daisy-Prosperity-charm-jewellery-in-new-zealand.png,"Connue comme la fleur qui symbolise les nouveaux dÃ©parts et la croissance, notre charm Daisy prÃ©sente deux superbes fleurs en Ã©mail blanc avec un centre en zircone cubique dorÃ©. Ce charm rend Ã©galement hommage Ã  l'abeille, toujours importante. Essentielle Ã  notre Ã©cosystÃ¨me, l'abeille pollinise notre prÃ©cieuse flore, contribuant ainsi Ã  la croissance et au renforcement des jardins en Nouvelle-ZÃ©lande et dans le monde entier.",Finement fabriquÃ© en argent massif avec Ã©mail et zircone cubique dorÃ©e.,BIJOUX00188,TRUE	
treasured-kina-valued,Charmes,Treasured Kina (Valued),5990,https://cdn.shopify.com/s/files/1/0049/4138/1667/products/Evolve-LKE031-Treasured-Kina-Valued-charm-jewellery-in-new-zealand.png,"Le kina est un oursin que l'on trouve largement le long des cÃ´tes nÃ©o-zÃ©landaises. Cette superbe breloque en Ã©mail vert s'inspire de l'exquise coquille verte du kina texturÃ©e de points blancs nacrÃ©s. Ce kaimoana (fruit de mer) traditionnel et populaire se trouve souvent dispersÃ© prÃ¨s du rivage et peut Ãªtre ramassÃ©, ouvert et consommÃ© frais de la mer.",Finement fabriquÃ© en argent massif avec Ã©mail.,BIJOUX00189,TRUE	
summer-memories-nostalgic,Charmes,Summer Memories (Nostalgic),4565,https://cdn.shopify.com/s/files/1/0049/4138/1667/files/LK218SummerMemories520x520PNG.png,"Ayant grandi en Nouvelle-ZÃ©lande, vous n'Ãªtes jamais loin de l'ocÃ©an. En tant qu'enfants, nous collectons des coquillages et les gardons comme souvenirs spÃ©ciaux - il nous suffit de porter un coquillage Ã  nos oreilles pour nous en souvenir. Ce magnifique charm est un symbole de tous ces souvenirs balnÃ©aires et des trÃ©sors particuliers que l'ocÃ©an offre.",Finement fabriquÃ© en argent sterling massif.,BIJOUX00190,TRUE	
sea-turtles,Charmes,Sea Turtles,5770,https://cdn.shopify.com/s/files/1/0049/4138/1667/products/Evolve-LKF012-Sea-Turtles-charm-jewellery-in-new-zealand.png,"Ces belles et anciennes crÃ©atures sont connues pour leur Ã©lÃ©gance et leur agilitÃ© sous lâ€™eau et pour les soins affectueux quâ€™elles prodiguent Ã  leurs Å“ufs, soigneusement creusÃ©s dans le sable des plages isolÃ©es du monde entier. Malheureusement dÃ©sormais espÃ¨ce menacÃ©e, ces nobles crÃ©atures constituent un spectacle rare et spÃ©cial sur les cÃ´tes dâ€™Aotearoa.",Finement travaillÃ© en argent massif.,BIJOUX00191,TRUE	
sandcastle-creative,Charmes,Sandcastle (Creative),5390,https://cdn.shopify.com/s/files/1/0049/4138/1667/files/LK284Sandcastle520x520PNG.png,"Symbole des journÃ©es insouciantes et des rÃªves dâ€™enfant, le chÃ¢teau de sable capture lâ€™esprit de lâ€™Ã©tÃ© et de lâ€™imagination. Construit avec amour et faÃ§onnÃ© par les marÃ©es, notre charme Sandcastle cÃ©lÃ¨bre la crÃ©ativitÃ©, l'aventure et les prÃ©cieux souvenirs de bord de mer - un rappel de rÃªver avec audace et de chÃ©rir chaque instant Ã©phÃ©mÃ¨re.",Finement fabriquÃ© en argent sterling massif.,BIJOUX00192,TRUE	
love,Charmes,Love,4345,https://cdn.shopify.com/s/files/1/0049/4138/1667/products/Evolve-LK119-Love-charm-jewellery-in-new-zealand.png,"Notre rangÃ©e de cÅ“urs symbolise l'amour. Chaque cÅ“ur nous relie aux personnes que nous chÃ©rissons le plus. Le koru fait partie de chaque cÅ“ur et nous rappelle la croissance que l'amour nous apporte. Ã€ travers ses cÅ“urs entrelacÃ©s, ce charm cÃ©lÃ¨bre le lien puissant entre ceux qui sâ€™aiment.",Finement travaillÃ© en argent massif.,BIJOUX00207,TRUE	
aotearoa's-heart,Charmes,Aotearoa's Heart,4485,https://cdn.shopify.com/s/files/1/0049/4138/1667/products/Evolve-LK094-Aotearoa_s-Heart-charm-jewellery-in-new-zealand.png,"Â« Un cÅ“ur pour la Nouvelle-ZÃ©lande Â» Le cÅ“ur d'Aotearoa symbolise la compassion, la force, l'espoir et l'amour inconditionnel. Le simple koru gravÃ© au plus profond du cÅ“ur nous relie Ã  de nouveaux dÃ©parts et Ã  une nouvelle croissance, nous inspirant Ã  aller de l'avant. Ce charme spÃ©cial honore la force et l'unitÃ© dans le cÅ“ur de tous les NÃ©o-ZÃ©landais.",Finement travaillÃ© en argent massif. Ã‰galement disponible en or 9 carats.,BIJOUX00208,TRUE	
love-&-kisses,Charmes,Love & Kisses,4860,https://cdn.shopify.com/s/files/1/0049/4138/1667/products/Evolve-LK137-Love-and-Kisses-charm-jewellery-in-new-zealand.png,"Notre charmant design de baisers est un symbole d'affection, un signe d'amitiÃ©, d'amour et d'affection. Les baisers peuvent signifier tellement de choses 	 une salutation chaleureuse ou un adieu affectueux, un geste de passion, d'amour, de rÃ©confort, de soutien ou mÃªme toutes ces choses Ã  la fois. Qu'il soit signÃ© de notre nom dans une lettre, accordÃ© Ã  un ami spÃ©cial ou partagÃ© secrÃ¨tement avec celui que nous aimons, un baiser est une expression intime de combien nous nous soucions.",Finement travaillÃ© en argent massif.,BIJOUX00209,TRUE
family-circle-whÄnau,Charmes,Family Circle (WhÄnau),4680,https://cdn.shopify.com/s/files/1/0049/4138/1667/products/Evolve-LK104-Family-Circle-Whanau-charm-jewellery-in-new-zealand.png,"WhÄnau, qui signifie Â« famille Ã©largie Â» en maori, reprÃ©sente la force et la solidaritÃ© de notre cercle de famille et d'amis. Cela nous rappelle lâ€™importance dâ€™embrasser et de cÃ©lÃ©brer la famille et les amitiÃ©s et dâ€™entretenir ces relations uniques. Les personnages liÃ©s, se tenant la main en cercle, cÃ©lÃ¨brent les liens puissants que nous partageons avec nos proches.",Finement travaillÃ© en argent massif. Ã‰galement disponible en argent massif et or 9 carats et en or 9 carats.,BIJOUX00210,TRUE	
cherished-child,Charmes,Cherished Child,4680,https://cdn.shopify.com/s/files/1/0049/4138/1667/products/Evolve-LK138-Cherished-Child-charm-jewellery-in-new-zealand.png,"Il nâ€™existe aucun lien aussi pur et fort que lâ€™amour que nous Ã©prouvons pour nos enfants. Ce magnifique charm rend hommage Ã  tous les gardiens, cÃ©lÃ©brant l'amour et le soutien sans fin, altruistes et inconditionnels qu'ils nous apportent. Lâ€™Ã©treinte continue symbolise la protection, les conseils, les soins et la patience que nous accordons Ã  nos enfants. Notre charme particulier reprÃ©sente ce lien unique, que nous chÃ©rirons pour toujours.",Finement travaillÃ© en argent massif. Ã‰galement disponible en argent massif et en or 9 carats.,BIJOUX00211,TRUE	
soulmates,Charmes,Soulmates,4855,https://cdn.shopify.com/s/files/1/0049/4138/1667/products/Evolve-LK141-Soulmates-charm-jewellery-in-new-zealand.png,"Notre charm Soulmates reprÃ©sente le lien indissoluble que nous entretenons avec celui qui nous complÃ¨te parfaitement, notre vÃ©ritable amour. Il cÃ©lÃ¨bre Ã©galement ces amis spÃ©ciaux, avec lesquels nous ressentons une vÃ©ritable connexion et une affinitÃ© naturelle. Lâ€™Ã©treinte dâ€™une Ã¢me sÅ“ur est un symbole dâ€™engagement profond, une source constante de force et de soutien, peu importe oÃ¹ le chemin de la vie nous mÃ¨ne. Lâ€™Ã¢me sÅ“ur est notre autre moitiÃ©, celle qui nous complÃ¨te.",Finement travaillÃ© en argent massif.,BIJOUX00212,TRUE	
journeys,Charmes,Journeys,4045,https://cdn.shopify.com/s/files/1/0049/4138/1667/products/Evolve-LK169-Journeys-charm-jewellery-in-new-zealand.png,"Ce magnifique charme reprÃ©sente notre voyage Ã  travers la vie, en particulier les personnes et les lieux qui faÃ§onnent et enrichissent nos expÃ©riences. Le design koru dÃ©filant cÃ©lÃ¨bre le don de la croissance et de lâ€™apprentissage que chaque nouveau chapitre nous apporte. Coulant ensemble, les korus symbolisent nos amis et notre famille les plus proches. Aventures, dÃ©fis et moments remarquables se combinent pour crÃ©er des moments de notre vie dont nous nous souviendrons pour toujours, nos expÃ©riences dâ€™autant plus riches quâ€™elles sont partagÃ©es.",Finement travaillÃ© en argent massif.,BIJOUX00214,TRUE	
together,Charmes,Together,4220,https://cdn.shopify.com/s/files/1/0049/4138/1667/products/Evolve-LK167-Together-charm-jewellery-in-new-zealand.png,"Il nâ€™y a rien de mieux que du temps de qualitÃ© passÃ© avec nos proches. Dans notre charm Together, les korus incurvÃ©s se reflÃ¨tent pour former un cÅ“ur. Ce design spÃ©cial reprÃ©sente un vÃ©ritable partenariat, cÃ©lÃ©brant nos relations les plus spÃ©ciales. Nous ne sommes peut-Ãªtre pas toujours ensemble, parfois Ã©loignÃ©s, mais partout oÃ¹ nous allons, nos proches sont portÃ©s avec nous dans nos cÅ“urs.",Finement travaillÃ© en argent massif.,BIJOUX00215,TRUE	
friendship,Charmes,Friendship,4020,https://cdn.shopify.com/s/files/1/0049/4138/1667/products/Evolve-LK166-Friendship-charm-jewellery-in-new-zealand.png,"Ce design complexe symbolise nos amitiÃ©s les plus chÃ¨res. Les spirales koru se reflÃ¨tent, reprÃ©sentant le lien spÃ©cial que nous partageons avec nos amis les plus proches. Gage de bons moments ensemble et de souvenirs durables, ce design reflÃ¨te le bonheur, l'amour et le soutien que nos amis nous apportent. Le port de ce charm cÃ©lÃ¨bre le don de la vÃ©ritable amitiÃ©.",Finement travaillÃ© en argent massif.,BIJOUX00216,TRUE	
treasured-koru-valued,Charmes,Treasured Koru (Valued),5350,https://cdn.shopify.com/s/files/1/0049/4138/1667/products/Evolve-LK228-Treasured-Koru-Valued-charm-jewellery-in-new-zealand.png,"Les belles frondes de fougÃ¨res argentÃ©es reprÃ©sentÃ©es symbolisent la nouvelle vie, la croissance, la force et la paix. Les frondes se trouvent dans les forÃªts indigÃ¨nes de Nouvelle-ZÃ©lande et sont rÃ©coltÃ©es chaque printemps.",Finement travaillÃ© en argent massif.,BIJOUX00217,TRUE	
family-tree,Charmes,Family Tree,4260,https://cdn.shopify.com/s/files/1/0049/4138/1667/products/Evovle-LK136-CZ-Family-Tree-jewellery-in-new-zealand.png,"Notre magnifique breloque Arbre gÃ©nÃ©alogique s'inspire des motifs emblÃ©matiques MÄori KÅwhaiwhai, qui ornent souvent les chevrons des whare (maisons de rÃ©union maories) en l'honneur d'ancÃªtres cÃ©lÃ¨bres. Notre arbre gÃ©nÃ©alogique et les histoires de notre lignÃ©e (whakapapa) font partie intÃ©grante de la faÃ§on dont nous percevons le monde dans son ensemble et la place que nous y occupons. La zircone cubique Ã©tincelante symbolise la perspicacitÃ© que nous a donnÃ©e notre whÄnau et la sagesse que nous ont accordÃ©e nos ancÃªtres.",Finement fabriquÃ© en argent massif avec zircone cubique.,BIJOUX00218,TRUE	
dusky-dolphins,Charmes,Dusky Dolphins,4710,https://cdn.shopify.com/s/files/1/0049/4138/1667/products/Evolve-LK073-Dusky-Dolphins-charm-jewellery-in-new-zealand.png,"TrouvÃ© au sud du Cap Est de la Nouvelle-ZÃ©lande, le dauphin sombre est un autre favori, avec sa curiositÃ© amicale et sa nature ludique. Rien ne vaut d'interagir avec ces dauphins en bateau, de les regarder jouer, sauter et se retourner devant nous. Ce charme capture l'intelligence et l'esprit de ces belles crÃ©atures.",Finement travaillÃ© en argent massif.,BIJOUX00219,TRUE	
manaia-guardian,Charmes,Manaia (Guardian),4525,https://cdn.shopify.com/s/files/1/0049/4138/1667/products/Evolve-LK005-Manaia-Guardian-charm-jewellery-in-new-zealand.png,"Le Manaia est un gardien spirituel, un sage pourvoyeur et protecteur qui veille sur nous. Ce charme offre direction et protection Ã  ceux qui le portent, entourant nos proches dâ€™une lumiÃ¨re invisible. Les trois Â« doigts Â» de notre charm Manaia reprÃ©sentent la trinitÃ© de la naissance, de la vie et de la mort, symbolisant le cercle de la vie et protÃ©geant ceux que nous aimons du mal ou du mal.",Finement travaillÃ© en argent massif.,BIJOUX00221,TRUE	
safe-travel,Charmes,Safe Travel,4415,https://cdn.shopify.com/s/files/1/0049/4138/1667/products/Evolve-LK001-Safe-Travel-charm-jewellery-in-new-zealand.png,"Cet hameÃ§on stylisÃ© reprÃ©sente un voyage en toute sÃ©curitÃ©, notamment sur l'eau. Il promet une protection Ã  celui qui le porte alors qu'il explore le monde, dÃ©couvre de nouvelles cultures, vit ses propres aventures et profite de la vie, Ã  travers Aotearoa et au-delÃ . Ce symbole puissant est tenu en grande vÃ©nÃ©ration par le peuple maori.",Finement travaillÃ© en argent massif.,BIJOUX00222,TRUE	
protection-&-safety,Charmes,Protection & Safety,4505,https://cdn.shopify.com/s/files/1/0049/4138/1667/products/Evolve-LK007-Protection-and-Safety-charm-jewellery-in-new-zealand.png,"Cette breloque en forme d'hameÃ§on offre un guide de protection pour ceux que nous souhaitons voir en sÃ©curitÃ©. Souvent portÃ© par les voyageurs ou ceux qui se lancent dans une nouvelle partie de leur vie, ce symbole puissant est Ã©galement censÃ© apporter chance et sÃ©curitÃ© en voyage.",Finement travaillÃ© en argent massif.,BIJOUX00223,TRUE	
koru-growth,Charmes,Koru (Growth),4505,https://cdn.shopify.com/s/files/1/0049/4138/1667/products/Evolve-LK006-Koru-Growth-charm-jewellery-in-new-zealand.png,"Le Koru reprÃ©sente la nouvelle fronde de fougÃ¨re argentÃ©e qui se dÃ©ploie et est largement reconnu comme un symbole de nouvelle vie, de croissance, de force et de paix. Ce charme a une signification particuliÃ¨re pour ceux qui se lancent dans de nouvelles entreprises, cÃ©lÃ¨brent de nouveaux chapitres de leur vie ou honorent leur croissance personnelle.",Finement travaillÃ© en argent massif.,BIJOUX00224,TRUE	
friendship-&-eternity-twist,Charmes,Friendship & Eternity (Twist),4465,https://cdn.shopify.com/s/files/1/0049/4138/1667/products/Evolve-LK004-Twist-Eternity-and-Friendship-charm-jewellery-in-new-zealand.png,"La torsion symbolise lâ€™attribut le plus spÃ©cial : la fidÃ©litÃ©. Ce charme distinctif honore les amitiÃ©s ou les relations qui dureront une Ã©ternitÃ©. Les courbes puissantes de la torsion reprÃ©sentent le rapprochement des personnes. MÃªme si ces relations peuvent connaÃ®tre des hauts et des bas, ou Ãªtre sÃ©parÃ©es par la distance, leurs liens dâ€™amitiÃ© et de loyautÃ© dureront toute une vie.",Finement travaillÃ© en argent massif.,BIJOUX00225,TRUE	
strength,Charmes,Strength,4505,https://cdn.shopify.com/s/files/1/0049/4138/1667/products/Evolve-LK002-Strength-charm-jewellery-in-new-zealand.png,"La lÃ©gende maorie raconte l'histoire d'un grand chef MÄui qui a courageusement pÃªchÃ© sur l'Ã®le du Nord de la Nouvelle-ZÃ©lande (Te Ika a MÄui - Â« Le poisson de MÄui Â») en utilisant la mÃ¢choire de sa grand-mÃ¨re comme hameÃ§on. Pour honorer cette histoire maorie bien connue, cet hameÃ§on reprÃ©sente la force intÃ©rieure et la dÃ©termination, responsabilisant son porteur.",Finement travaillÃ© en argent massif.,BIJOUX00226,TRUE	
family-love-whÄnau,Charmes,Family Love (WhÄnau),5935,https://cdn.shopify.com/s/files/1/0049/4138/1667/products/Evolve-LKE032-Family-Love-Whanau-charm-jewellery-in-new-zealand.png,"CÃ©lÃ©brant le don de l'amour et du soutien de la famille (whÄnau), ce charm nous rappelle le temps de qualitÃ© passÃ© avec nos proches au bach ou au marae. Les lignes rouges et blanches vibrantes reliÃ©es entre elles symbolisent Rangi-nui et Papatuanuku, le PÃ¨re du Ciel et la MÃ¨re de la Terre. Ils sont tenus ensemble dans une Ã©treinte Ã©troite avec leurs enfants entre les deux, symbolisant lâ€™amour dâ€™une famille liÃ©e pour lâ€™Ã©ternitÃ©.",Finement fabriquÃ© en argent massif avec Ã©mail.,BIJOUX00227,TRUE	
mum-unconditional-love---fuchsia,Charmes,Mum (Unconditional Love) - Fuchsia,6385,https://cdn.shopify.com/s/files/1/0049/4138/1667/products/Evolve-LKE062-Mum-unconditional-Love-Fushia-charm-jewellery-in-new-zealand.png,"CÃ©lÃ©brant l'amour inconditionnel qu'une mÃ¨re partage avec sa famille, notre prÃ©cieux charm Maman honore un lien spÃ©cial qui dure toute la vie. Le motif floral dÃ©licat et la coloration saisissante de l'Ã©mail cÃ©lÃ¨brent la force, la beautÃ© et l'amour durable d'une mÃ¨re pour ceux qu'elle tient proches. Offrez ce magnifique charm Ã  votre maman spÃ©ciale pour lui montrer Ã  quel point elle compte pour vous, ou portez-le comme un rappel sentimental des moments significatifs et du soutien que votre maman a toujours partagÃ© avec vous.",Finement fabriquÃ© en argent massif avec Ã©mail.,BIJOUX00228,TRUE	
family-whÄnau,Charmes,Family (WhÄnau),6155,https://cdn.shopify.com/s/files/1/0049/4138/1667/products/Evolve-LKE065-Family-whanau-v1-charm-jewellery-in-new-zealand.png,"CÃ©lÃ©brant le don de la famille et de la communautÃ© qui nous Ã©lÃ¨ve et nous porte tout au long de la vie, notre charme WhÄnau reprÃ©sente ceux avec qui nous partageons un lien indissoluble. Ã€ travers les motifs maoris entrelacÃ©s, ce charme prÃ©cieux symbolise lâ€™amour dâ€™une famille, liÃ©e pour lâ€™Ã©ternitÃ©.",Finement fabriquÃ© en argent massif avec Ã©mail.,BIJOUX00229,TRUE	
seashell-pendant-charm---gold,Charmes,Seashell Pendant Charm - Gold,9960,https://cdn.shopify.com/s/files/1/0049/4138/1667/files/LKD084SeashellPendantCharm-Gold520x520PNG_60403fe7-d236-4bd0-9949-39e98612ca4e.png,"TransportÃ© par l'ocÃ©an, chaque coquillage raconte une histoire de mouvement, de rÃ©silience et de patience qui vient avec le temps. Ce charm pendentif en vermeil dorÃ© capture la beautÃ© du calme et du flux, vous encourageant Ã  accepter le changement avec grÃ¢ce et Ã  Ã©couter la voix intÃ©rieure.","Finement confectionnÃ© en vermeil dorÃ©, avec des pierres de zircone cubiques. Dimensions : Le pendentif tombe Ã  environ 25 mm de la pointe de la bÃ©liÃ¨re.",BIJOUX00231,TRUE	
southern-cross-pendant-charm-guidance---gold,Charmes,Southern Cross Pendant Charm (Guidance) - Gold,7800,https://cdn.shopify.com/s/files/1/0049/4138/1667/files/LKD071SouthernCrossPendantCharm-Gold520x520PNG_6d86c993-85ff-473e-8801-610a02d22e8d.png,"Notre pendentif Charm Croix du Sud est un hommage Ã  la constellation emblÃ©matique qui guide les explorateurs, les aventuriers et les rÃªveurs depuis des gÃ©nÃ©rations. Brillant de mille feux dans lâ€™hÃ©misphÃ¨re sud, il reprÃ©sente lâ€™orientation, la connexion et la poursuite des rÃªves. Finement fabriquÃ© Ã  la main Ã  partir de vermeil dorÃ© et d'Ã©toiles de topaze blanche Ã©tincelantes, ce charm honore votre passÃ© et inspire votre avenir. Collier assorti disponible. Charme Ã©galement disponible en argent sterling.","Finement confectionnÃ© en vermeil dorÃ©, avec une vÃ©ritable topaze blanche. Dimensions : Le pendentif tombe Ã  environ 25 mm de la pointe de la bÃ©liÃ¨re.",BIJOUX00232,TRUE	
seashell-pendant-charm-patient,Charmes,Seashell Pendant Charm (Patient),7940,https://cdn.shopify.com/s/files/1/0049/4138/1667/files/LKD083SeashellPendantCharm520x520PNG.png,"TransportÃ© par l'ocÃ©an, chaque coquillage raconte une histoire de mouvement, de rÃ©silience et de patience qui vient avec le temps. Ce charm pendentif en argent capture la beautÃ© du calme et du flux, vous encourageant Ã  accepter le changement avec grÃ¢ce et Ã  Ã©couter la voix intÃ©rieure.","Finement fabriquÃ© Ã  la main en argent sterling massif, avec des pierres de zircone cubiques. Dimensions : Le pendentif tombe Ã  environ 25 mm de la pointe de la bÃ©liÃ¨re.",BIJOUX00233,TRUE	
fantail-coin-studs-friendly---gold,boucles-d-oreilles,Fantail Coin Studs (Friendly) - Gold,8115,https://cdn.shopify.com/s/files/1/0049/4138/1667/files/520x520ShopifyPNG-2025-02-03T125359.853.png,"Nos clous Fantail Coin prÃ©sentent lâ€™un des oiseaux les plus apprÃ©ciÃ©s dâ€™Aotearoa, le Fantail. Reconnu pour sa queue unique en forme d'Ã©ventail et sa nature curieuse, le sympathique Fantail est considÃ©rÃ© comme un vÃ©ritable trÃ©sor de la Nouvelle-ZÃ©lande. FabriquÃ©s Ã  la main Ã  partir de vermeil dorÃ©, porter ces clous d'oreilles en forme de piÃ¨ce de monnaie est une faÃ§on significative et Ã©lÃ©gante de transporter avec vous un morceau du patrimoine unique de la Nouvelle-ZÃ©lande partout oÃ¹ vous allez. Breloque pendentif et collier assortis disponibles.",Finement confectionnÃ© en vermeil dorÃ©. Dimensions : Les goujons mesurent environ 10 mm de diamÃ¨tre.,BIJOUX00234,TRUE	
fantail-coin-necklace-friendly---gold,Collier,Fantail Coin Necklace (Friendly) - Gold,13540,https://cdn.shopify.com/s/files/1/0049/4138/1667/files/3N40028FantailCoinNecklace-GoldVermeil520x520PNG.png,"Notre collier Fantail Coin prÃ©sente lâ€™un des oiseaux les plus apprÃ©ciÃ©s dâ€™Aotearoa, le Fantail. Reconnu pour sa queue unique en forme d'Ã©ventail et sa nature curieuse, le sympathique Fantail est considÃ©rÃ© comme un vÃ©ritable trÃ©sor de la Nouvelle-ZÃ©lande. FabriquÃ© Ã  la main Ã  partir de vermeil dorÃ©, porter ce collier piÃ¨ce de monnaie est une faÃ§on significative et Ã©lÃ©gante de transporter avec vous un morceau du patrimoine unique de la Nouvelle-ZÃ©lande partout oÃ¹ vous allez. Breloque pendentif et boucles d'oreilles assorties disponibles.",Finement fabriquÃ© Ã  la main Ã  partir de vermeil dorÃ©. Dimensions : Le pendentif tombe Ã  environ 25 mm de la pointe de la bÃ©liÃ¨re. La chaÃ®ne incluse est une petite chaÃ®ne cÃ¢blÃ©e en vermeil dorÃ© de 45 cm. Ce collier est joliment prÃ©sentÃ© dans un coffret cadeau.,BIJOUX00235,TRUE	
continuum-stopper,Charmes,Continuum Stopper,4785,https://cdn.shopify.com/s/files/1/0049/4138/1667/products/Evolve-LKC012-Stopper-Clip-Continuum-charm-jewellery-in-new-zealand.png,"Le flux infini du korus, gravÃ© profondÃ©ment dans lâ€™argent, cÃ©lÃ¨bre le pouvoir nourricier des liens Ã©troits que nous partageons avec nos amis et notre famille.","Finement travaillÃ© en argent massif. ConÃ§us pour se clipser sur votre bracelet, de chaque cÃ´tÃ© de vos charms prÃ©fÃ©rÃ©s, les Evolve Stoppers maintiennent vos charms parfaitement en place, les empÃªchant de glisser autour de votre bracelet lorsque vous bougez.",BIJOUX00236,TRUE	
evolution-stopper,Charmes,Evolution Stopper,4785,https://cdn.shopify.com/s/files/1/0049/4138/1667/products/Evolve-LKC013-Stopper-Clip-Evolution-charm-jewellery-in-new-zealand.png,"Les lignes fortes et profondes du korus entrelacÃ© reprÃ©sentent la force et la puretÃ© de nos relations avec nos proches, cÃ©lÃ©brant la maniÃ¨re dont nous grandissons ensemble.","Finement travaillÃ© en argent massif. ConÃ§us pour se clipser sur votre bracelet, de chaque cÃ´tÃ© de vos charms prÃ©fÃ©rÃ©s, les Evolve Stoppers maintiennent vos charms parfaitement en place, les empÃªchant de glisser autour de votre bracelet lorsque vous bougez.",BIJOUX00237,TRUE	
continuum-safety-chain,Charmes,Continuum Safety Chain,6920,https://cdn.shopify.com/s/files/1/0049/4138/1667/products/Evolve-LKC020-Saftey-Chain-Continuum-charm-jewellery-in-new-zealand.png,Ce motif accrocheur honore la nature durable des relations amoureuses entre la famille et les amis proches. Les chaÃ®nes de sÃ©curitÃ© Evolve protÃ¨gent contre la perte des breloques et du bracelet si vous oubliez de fermer correctement le fermoir.,Finement travaillÃ© en argent massif. Les chaÃ®nes de sÃ©curitÃ© sont superbes sur nos bracelets en cuir ou Signature et empÃªchent vos charms de tomber lorsque vous ouvrez le fermoir de votre bracelet.,BIJOUX00238,TRUE	
evolution-safety-chain,Charmes,Evolution Safety Chain,6920,https://cdn.shopify.com/s/files/1/0049/4138/1667/products/Evolve-LKC021-Safety-Chain-Evolution-charm-jewellery-in-new-zealand.png,Les korus entrelacÃ©s gravÃ©s dans ce motif symbolisent la croissance et l'Ã©volution Ã©ternelles que nous vivons tout au long de notre vie. Les chaÃ®nes de sÃ©curitÃ© Evolve protÃ¨gent contre la perte des breloques et du bracelet si vous oubliez de fermer correctement le fermoir.,Finement travaillÃ© en argent massif. Les chaÃ®nes de sÃ©curitÃ© sont superbes sur nos bracelets en cuir ou Signature et empÃªchent vos charms de tomber lorsque vous ouvrez le fermoir de votre bracelet.,BIJOUX00239,TRUE	
starfish,Charmes,Starfish,4970,https://cdn.shopify.com/s/files/1/0049/4138/1667/products/Evolve-LK091-Starfish-charm-jewellery-in-new-zealand.png,"Lâ€™Ã©toile de mer nous rappelle les longues et chaudes journÃ©es dâ€™Ã©tÃ© passÃ©es sur les nombreuses belles plages dâ€™Aotearoa. Les journÃ©es passÃ©es Ã  nager, Ã  construire des chÃ¢teaux de sable, Ã  ramasser des coquillages et Ã  explorer des bassins rocheux se terminent souvent par la dÃ©couverte d'une Ã©toile de mer. ApprÃ©ciÃ©e par les enfants rieurs et tenue dans leurs petites mains, cette crÃ©ature insolite apporte beaucoup de joie, avant qu'ils ne ramÃ¨nent ce trÃ©sor dans ses fonds marins sablonneux.",Finement travaillÃ© en argent massif.,BIJOUX00242,TRUE	
seashell-necklace-patient---gold,Collier,Seashell Necklace (Patient) - Gold,15040,https://cdn.shopify.com/s/files/1/0049/4138/1667/files/4N40044SeashellNecklace-Gold520x520PNG.png,"TransportÃ© par l'ocÃ©an, chaque coquillage raconte une histoire de mouvement, de rÃ©silience et de patience qui vient avec le temps. Ce collier en vermeil dorÃ© capture la beautÃ© du calme et du flux, vous encourageant Ã  accepter le changement avec grÃ¢ce et Ã  Ã©couter la voix intÃ©rieure.","Finement confectionnÃ© en vermeil dorÃ©, avec des pierres de zircone cubiques. Dimensions : Le pendentif tombe Ã  environ 25 mm de la pointe de la bÃ©liÃ¨re. La chaÃ®ne incluse est une petite chaÃ®ne cÃ¢blÃ©e en vermeil dorÃ© de 45 cm. Ce collier est joliment prÃ©sentÃ© dans un coffret cadeau.",BIJOUX00245,TRUE	
seashell-studs-patient---gold,boucles-d-oreilles,Seashell Studs (Patient) - Gold,8145,https://cdn.shopify.com/s/files/1/0049/4138/1667/files/3E40054SeashellStuds-Gold520x520PNG.png,"TransportÃ© par l'ocÃ©an, chaque coquillage raconte une histoire de mouvement, de rÃ©silience et de patience qui vient avec le temps. Ces clous d'oreilles en vermeil dorÃ© capturent la beautÃ© du calme et du flux, vous encourageant Ã  accepter le changement avec grÃ¢ce et Ã  Ã©couter la voix intÃ©rieure.","Finement confectionnÃ© en vermeil dorÃ©, avec des pierres de zircone cubiques. Dimensions : Les goujons mesurent environ 10 mm de diamÃ¨tre.",BIJOUX00246,TRUE	
ocean-wave-coin-necklace-confident---gold,Collier,Ocean Wave Coin Necklace (Confident) - Gold,12770,https://cdn.shopify.com/s/files/1/0049/4138/1667/files/4N40045OceanWaveCoinNecklace-Gold520x520PNG.png,"Toujours en mouvement et profondÃ©ment puissant, l'ocÃ©an symbolise le flux naturel de la vie. Ce collier en or vermeil magnifiquement dÃ©taillÃ© capture l'essence de la libertÃ©, de la rÃ©silience Ã©motionnelle et du mouvement vers l'avant. Laissez-le vous inspirer pour surfer sur les vagues de la vie en toute confiance, sachant que mÃªme les courants les plus forts nous faÃ§onnent pour devenir ce que nous sommes censÃ©s Ãªtre.","Finement confectionnÃ© en vermeil dorÃ©, avec des pierres de zircone cubiques. Dimensions : Le pendentif tombe Ã  environ 25 mm de la pointe de la bÃ©liÃ¨re. La chaÃ®ne incluse est une petite chaÃ®ne cÃ¢blÃ©e en vermeil dorÃ© de 45 cm. Ce collier est joliment prÃ©sentÃ© dans un coffret cadeau.",BIJOUX00247,TRUE	
ocean-wave-coin-studs-confident---gold,boucles-d-oreilles,Ocean Wave Coin Studs (Confident) - Gold,8105,https://cdn.shopify.com/s/files/1/0049/4138/1667/files/3E40055OceanWaveCoinStuds-Gold520x520PNG.png,"Toujours en mouvement et profondÃ©ment puissant, l'ocÃ©an symbolise le flux naturel de la vie. Ces clous d'oreilles en vermeil dorÃ© magnifiquement dÃ©taillÃ©s capturent l'essence de la libertÃ©, de la rÃ©silience Ã©motionnelle et du mouvement vers l'avant. Laissez-les vous inspirer pour surfer sur les vagues de la vie en toute confiance, sachant que mÃªme les courants les plus forts nous faÃ§onnent comme nous sommes censÃ©s Ãªtre.","Finement confectionnÃ© en vermeil dorÃ©, avec des pierres de zircone cubiques. Dimensions : Les goujons mesurent environ 10 mm de diamÃ¨tre.",BIJOUX00248,TRUE	
seashell-necklace-patient,Collier,Seashell Necklace (Patient),9970,https://cdn.shopify.com/s/files/1/0049/4138/1667/files/4N40038SeashellNecklace520x520PNG.png,"TransportÃ© par l'ocÃ©an, chaque coquillage raconte une histoire de mouvement, de rÃ©silience et de patience qui vient avec le temps. Ce collier en argent capture la beautÃ© du calme et du flux, vous encourageant Ã  saisir le hasard avec grÃ¢ce et Ã  Ã©couter la voix intÃ©rieure.","Finement fabriquÃ© Ã  la main en argent sterling massif, avec des pierres de zircone cubiques. Dimensions : Le pendentif tombe Ã  environ 25 mm de la pointe de la bÃ©liÃ¨re. La chaÃ®ne incluse est une petite chaÃ®ne cÃ¢blÃ©e de 45 cm. Ce collier est joliment prÃ©sentÃ© dans un coffret cadeau.",BIJOUX00249,TRUE	
seashell-studs-patient,boucles-d-oreilles,Seashell Studs (Patient),5700,https://cdn.shopify.com/s/files/1/0049/4138/1667/files/3E40048SeashellStuds520x520PNG.png,"TransportÃ© par l'ocÃ©an, chaque coquillage raconte une histoire de mouvement, de rÃ©silience et de patience qui vient avec le temps. Ces clous d'oreilles argentÃ©s capturent la beautÃ© du calme et de la fluiditÃ©, vous encourageant Ã  accepter le changement avec grÃ¢ce et Ã  Ã©couter la voix intÃ©rieure.","Finement fabriquÃ© Ã  la main en argent sterling massif, avec des pierres de zircone cubiques. Dimensions : Les goujons mesurent environ 10 mm de diamÃ¨tre.",BIJOUX00250,TRUE	
ocean-wave-coin-necklace-confident,Collier,Ocean Wave Coin Necklace (Confident),7580,https://cdn.shopify.com/s/files/1/0049/4138/1667/files/4N40039OceanWaveCoinNecklace520x520PNG.png,"Toujours en mouvement et profondÃ©ment puissant, l'ocÃ©an symbolise le flux naturel de la vie. Ce collier en argent magnifiquement dÃ©taillÃ© capture l'essence de la libertÃ©, de la rÃ©silience Ã©motionnelle et du mouvement vers l'avant. Laissez-le vous inspirer pour surfer sur les vagues de la vie en toute confiance, sachant que mÃªme les courants les plus forts nous faÃ§onnent pour devenir ce que nous sommes censÃ©s Ãªtre.","Finement fabriquÃ© Ã  la main en argent sterling massif, avec des pierres de zircone cubiques. Dimensions : Le pendentif tombe Ã  environ 25 mm de la pointe de la bÃ©liÃ¨re. La chaÃ®ne incluse est une petite chaÃ®ne cÃ¢blÃ©e de 45 cm.",BIJOUX00251,TRUE	
ocean-wave-coin-studs-confident,boucles-d-oreilles,Ocean Wave Coin Studs (Confident),5670,https://cdn.shopify.com/s/files/1/0049/4138/1667/files/3E40055OceanWaveCoinStuds520x520PNG.png,"Toujours en mouvement et profondÃ©ment puissant, l'ocÃ©an symbolise le flux naturel de la vie. Ces clous d'oreilles en argent magnifiquement dÃ©taillÃ©s capturent l'essence de la libertÃ©, de la rÃ©silience Ã©motionnelle et du mouvement vers l'avant. Laissez-les vous inspirer pour surfer sur les vagues de la vie en toute confiance, sachant que mÃªme les courants les plus forts nous faÃ§onnent comme nous sommes censÃ©s Ãªtre.","Finement fabriquÃ© Ã  la main en argent sterling massif, avec des pierres de zircone cubiques. Dimensions : Les goujons mesurent environ 10 mm de diamÃ¨tre.",BIJOUX00252,TRUE	
coastal-starfish-necklace-love,Collier,Coastal Starfish Necklace (Love),8825,https://cdn.shopify.com/s/files/1/0049/4138/1667/products/Evolve-4N60010-Coastal-Starfish-necklace-jewellery-in-new-zealand.png,"Notre magnifique collier Ã©toile de mer nous rappelle le temps passÃ© avec nos proches Ã  profiter des nombreuses belles plages d'Aotearoa. L'Ã©toile de mer reprÃ©sente la magie du vÃ©ritable amour, cÃ©lÃ©brant la profonde affection et le dÃ©vouement que nous inspirent ceux que nous aimons. Offrir ou porter ce collier reprÃ©sente un lien vraiment spÃ©cial entre deux personnes.",Argent massif finement travaillÃ©. Dimensions : Le pendentif tombe dâ€™environ 2 cm de la pointe de la bÃ©liÃ¨re. La chaÃ®ne incluse est une petite chaÃ®ne cÃ¢blÃ©e de 55 cm.,BIJOUX00254,TRUE	
aroha-drops-love,boucles-d-oreilles,Aroha Drops (Love),6615,https://cdn.shopify.com/s/files/1/0049/4138/1667/products/Evolve-2E31020-Aroha-Drops-Love-earring-jewellery-in-new-zealand.png,Notre dÃ©licat duo koru touche pour crÃ©er un magnifique cÅ“ur d'amour. Aroha est le mot maori signifiant amour. Cette piÃ¨ce symbolise lâ€™amour profond et la connexion que nous partageons avec ceux qui nous sont les plus chers.,"Argent massif finement travaillÃ©. Dimensions : tombe Ã  environ 2,5 cm de la pointe du crochet de la boucle d'oreille.",BIJOUX00259,TRUE	
heart-of-nz-studs-love,-endearment,boucles-d-oreilles,"Heart of NZ Studs (Love, Endearment)",4025,https://cdn.shopify.com/s/files/1/0049/4138/1667/products/Evolve-3E11025-Heart-of-NZ-Studs-earring-jewellery-in-new-zealand.png,"Notre magnifique design Heart of NZ est un symbole d'affection, cÃ©lÃ©brant le lien Ã©troit que nous partageons avec ceux que nous aimons.",Argent massif finement travaillÃ©. Collier et pendentif assortis disponibles.,BIJOUX00260,TRUE	
heart-of-nz-necklace-love,-endearment,Collier,"Heart of NZ Necklace (Love, Endearment)",5800,https://cdn.shopify.com/s/files/1/0049/4138/1667/products/Evolve-4N10005-Heart-of-NZ-necklace-jewellery-in-new-zealand.png,"Notre magnifique design Heart of NZ est un symbole d'affection, cÃ©lÃ©brant le lien Ã©troit que nous partageons avec ceux que nous aimons.","Argent massif finement travaillÃ©. Dimensions : Le pendentif tombe Ã  environ 1,5 cm de la pointe de la bÃ©liÃ¨re. La chaÃ®ne incluse est une chaÃ®ne gourmette de 55 cm. Boucles d'oreilles et pendentif assortis disponibles.",BIJOUX00261,TRUE	
mini-dolphin-studs-friendly---gold,boucles-d-oreilles,Mini Dolphin Studs (Friendly) - Gold,4895,https://cdn.shopify.com/s/files/1/0049/4138/1667/files/3E40041MiniDolphinStuds520x520PNG.png,"DÃ©couvrez nos mini clous d'oreilles dauphin, finement fabriquÃ©s Ã  la main en vermeil dorÃ©. ApprÃ©ciÃ©s pour leur nature ludique et amicale, les dauphins offrent un spectacle enchanteur au milieu des cÃ´tes Ã©tincelantes de la Nouvelle-ZÃ©lande. Aucun Ã©tÃ© Kiwi nâ€™est complet sans apercevoir ces charmantes crÃ©atures en bateau. Nos mini clous d'oreilles dauphin sont l'accessoire parfait au quotidien ou un ajout charmant Ã  toute pile d'oreilles organisÃ©e.",Finement fabriquÃ© Ã  la main Ã  partir de vermeil dorÃ©.,BIJOUX00265,TRUE	
